filename,filepath,label,patient_id,fold,seed,split_method,kfold
1.jpg,data\raw\healthy\1.jpg,healthy,1.jpg,4,42,stratified_image_level_fallback,5
10.jpg,data\raw\healthy\10.jpg,healthy,10.jpg,4,42,stratified_image_level_fallback,5
100.jpg,data\raw\healthy\100.jpg,healthy,100.jpg,3,42,stratified_image_level_fallback,5
101.jpg,data\raw\healthy\101.jpg,healthy,101.jpg,4,42,stratified_image_level_fallback,5
102.jpg,data\raw\healthy\102.jpg,healthy,102.jpg,2,42,stratified_image_level_fallback,5
103.jpg,data\raw\healthy\103.jpg,healthy,103.jpg,0,42,stratified_image_level_fallback,5
104.jpg,data\raw\healthy\104.jpg,healthy,104.jpg,1,42,stratified_image_level_fallback,5
105.jpg,data\raw\healthy\105.jpg,healthy,105.jpg,0,42,stratified_image_level_fallback,5
106.jpg,data\raw\healthy\106.jpg,healthy,106.jpg,0,42,stratified_image_level_fallback,5
107.jpg,data\raw\healthy\107.jpg,healthy,107.jpg,1,42,stratified_image_level_fallback,5
108.jpg,data\raw\healthy\108.jpg,healthy,108.jpg,0,42,stratified_image_level_fallback,5
109.jpg,data\raw\healthy\109.jpg,healthy,109.jpg,3,42,stratified_image_level_fallback,5
11.jpg,data\raw\healthy\11.jpg,healthy,11.jpg,4,42,stratified_image_level_fallback,5
110.jpg,data\raw\healthy\110.jpg,healthy,110.jpg,0,42,stratified_image_level_fallback,5
111.jpg,data\raw\healthy\111.jpg,healthy,111.jpg,1,42,stratified_image_level_fallback,5
112.jpg,data\raw\healthy\112.jpg,healthy,112.jpg,1,42,stratified_image_level_fallback,5
113.jpg,data\raw\healthy\113.jpg,healthy,113.jpg,4,42,stratified_image_level_fallback,5
114.jpg,data\raw\healthy\114.jpg,healthy,114.jpg,0,42,stratified_image_level_fallback,5
115.jpg,data\raw\healthy\115.jpg,healthy,115.jpg,3,42,stratified_image_level_fallback,5
116.jpg,data\raw\healthy\116.jpg,healthy,116.jpg,4,42,stratified_image_level_fallback,5
117.jpg,data\raw\healthy\117.jpg,healthy,117.jpg,0,42,stratified_image_level_fallback,5
118.jpg,data\raw\healthy\118.jpg,healthy,118.jpg,1,42,stratified_image_level_fallback,5
119.jpg,data\raw\healthy\119.jpg,healthy,119.jpg,1,42,stratified_image_level_fallback,5
12.jpg,data\raw\healthy\12.jpg,healthy,12.jpg,3,42,stratified_image_level_fallback,5
120.jpg,data\raw\healthy\120.jpg,healthy,120.jpg,1,42,stratified_image_level_fallback,5
121.jpg,data\raw\healthy\121.jpg,healthy,121.jpg,0,42,stratified_image_level_fallback,5
122.jpg,data\raw\healthy\122.jpg,healthy,122.jpg,1,42,stratified_image_level_fallback,5
123.jpg,data\raw\healthy\123.jpg,healthy,123.jpg,3,42,stratified_image_level_fallback,5
124.jpg,data\raw\healthy\124.jpg,healthy,124.jpg,0,42,stratified_image_level_fallback,5
125.jpg,data\raw\healthy\125.jpg,healthy,125.jpg,2,42,stratified_image_level_fallback,5
126.jpg,data\raw\healthy\126.jpg,healthy,126.jpg,0,42,stratified_image_level_fallback,5
127.jpg,data\raw\healthy\127.jpg,healthy,127.jpg,2,42,stratified_image_level_fallback,5
128.jpg,data\raw\healthy\128.jpg,healthy,128.jpg,0,42,stratified_image_level_fallback,5
129.jpg,data\raw\healthy\129.jpg,healthy,129.jpg,0,42,stratified_image_level_fallback,5
13.jpg,data\raw\healthy\13.jpg,healthy,13.jpg,4,42,stratified_image_level_fallback,5
130.jpg,data\raw\healthy\130.jpg,healthy,130.jpg,4,42,stratified_image_level_fallback,5
131.jpg,data\raw\healthy\131.jpg,healthy,131.jpg,2,42,stratified_image_level_fallback,5
132.jpg,data\raw\healthy\132.jpg,healthy,132.jpg,3,42,stratified_image_level_fallback,5
133.jpg,data\raw\healthy\133.jpg,healthy,133.jpg,3,42,stratified_image_level_fallback,5
134.jpg,data\raw\healthy\134.jpg,healthy,134.jpg,4,42,stratified_image_level_fallback,5
135.jpg,data\raw\healthy\135.jpg,healthy,135.jpg,1,42,stratified_image_level_fallback,5
136.jpg,data\raw\healthy\136.jpg,healthy,136.jpg,4,42,stratified_image_level_fallback,5
137.jpg,data\raw\healthy\137.jpg,healthy,137.jpg,1,42,stratified_image_level_fallback,5
138.jpg,data\raw\healthy\138.jpg,healthy,138.jpg,1,42,stratified_image_level_fallback,5
139.jpg,data\raw\healthy\139.jpg,healthy,139.jpg,3,42,stratified_image_level_fallback,5
14.jpg,data\raw\healthy\14.jpg,healthy,14.jpg,4,42,stratified_image_level_fallback,5
140.jpg,data\raw\healthy\140.jpg,healthy,140.jpg,2,42,stratified_image_level_fallback,5
141.jpg,data\raw\healthy\141.jpg,healthy,141.jpg,1,42,stratified_image_level_fallback,5
142.jpg,data\raw\healthy\142.jpg,healthy,142.jpg,2,42,stratified_image_level_fallback,5
143.jpg,data\raw\healthy\143.jpg,healthy,143.jpg,4,42,stratified_image_level_fallback,5
144.jpg,data\raw\healthy\144.jpg,healthy,144.jpg,0,42,stratified_image_level_fallback,5
145.jpg,data\raw\healthy\145.jpg,healthy,145.jpg,4,42,stratified_image_level_fallback,5
146.jpg,data\raw\healthy\146.jpg,healthy,146.jpg,0,42,stratified_image_level_fallback,5
147.jpg,data\raw\healthy\147.jpg,healthy,147.jpg,0,42,stratified_image_level_fallback,5
148.jpg,data\raw\healthy\148.jpg,healthy,148.jpg,2,42,stratified_image_level_fallback,5
149.jpg,data\raw\healthy\149.jpg,healthy,149.jpg,1,42,stratified_image_level_fallback,5
15.jpg,data\raw\healthy\15.jpg,healthy,15.jpg,0,42,stratified_image_level_fallback,5
150.jpg,data\raw\healthy\150.jpg,healthy,150.jpg,4,42,stratified_image_level_fallback,5
151.jpg,data\raw\healthy\151.jpg,healthy,151.jpg,4,42,stratified_image_level_fallback,5
152.jpg,data\raw\healthy\152.jpg,healthy,152.jpg,4,42,stratified_image_level_fallback,5
153.jpg,data\raw\healthy\153.jpg,healthy,153.jpg,2,42,stratified_image_level_fallback,5
154.jpg,data\raw\healthy\154.jpg,healthy,154.jpg,2,42,stratified_image_level_fallback,5
155.jpg,data\raw\healthy\155.jpg,healthy,155.jpg,3,42,stratified_image_level_fallback,5
156.jpg,data\raw\healthy\156.jpg,healthy,156.jpg,4,42,stratified_image_level_fallback,5
157.jpg,data\raw\healthy\157.jpg,healthy,157.jpg,2,42,stratified_image_level_fallback,5
158.jpg,data\raw\healthy\158.jpg,healthy,158.jpg,4,42,stratified_image_level_fallback,5
159.jpg,data\raw\healthy\159.jpg,healthy,159.jpg,0,42,stratified_image_level_fallback,5
16.jpg,data\raw\healthy\16.jpg,healthy,16.jpg,2,42,stratified_image_level_fallback,5
160.jpg,data\raw\healthy\160.jpg,healthy,160.jpg,3,42,stratified_image_level_fallback,5
161.jpg,data\raw\healthy\161.jpg,healthy,161.jpg,3,42,stratified_image_level_fallback,5
162.jpg,data\raw\healthy\162.jpg,healthy,162.jpg,3,42,stratified_image_level_fallback,5
163.jpg,data\raw\healthy\163.jpg,healthy,163.jpg,0,42,stratified_image_level_fallback,5
164.jpg,data\raw\healthy\164.jpg,healthy,164.jpg,2,42,stratified_image_level_fallback,5
165.jpg,data\raw\healthy\165.jpg,healthy,165.jpg,4,42,stratified_image_level_fallback,5
166.jpg,data\raw\healthy\166.jpg,healthy,166.jpg,1,42,stratified_image_level_fallback,5
167.jpg,data\raw\healthy\167.jpg,healthy,167.jpg,0,42,stratified_image_level_fallback,5
168.jpg,data\raw\healthy\168.jpg,healthy,168.jpg,2,42,stratified_image_level_fallback,5
169.jpg,data\raw\healthy\169.jpg,healthy,169.jpg,0,42,stratified_image_level_fallback,5
17.jpg,data\raw\healthy\17.jpg,healthy,17.jpg,1,42,stratified_image_level_fallback,5
170.jpg,data\raw\healthy\170.jpg,healthy,170.jpg,0,42,stratified_image_level_fallback,5
171.jpg,data\raw\healthy\171.jpg,healthy,171.jpg,2,42,stratified_image_level_fallback,5
172.jpg,data\raw\healthy\172.jpg,healthy,172.jpg,4,42,stratified_image_level_fallback,5
173.jpg,data\raw\healthy\173.jpg,healthy,173.jpg,0,42,stratified_image_level_fallback,5
174.jpg,data\raw\healthy\174.jpg,healthy,174.jpg,4,42,stratified_image_level_fallback,5
175.jpg,data\raw\healthy\175.jpg,healthy,175.jpg,1,42,stratified_image_level_fallback,5
176.jpg,data\raw\healthy\176.jpg,healthy,176.jpg,0,42,stratified_image_level_fallback,5
177.jpg,data\raw\healthy\177.jpg,healthy,177.jpg,0,42,stratified_image_level_fallback,5
178.jpg,data\raw\healthy\178.jpg,healthy,178.jpg,2,42,stratified_image_level_fallback,5
179.jpg,data\raw\healthy\179.jpg,healthy,179.jpg,0,42,stratified_image_level_fallback,5
18.jpg,data\raw\healthy\18.jpg,healthy,18.jpg,3,42,stratified_image_level_fallback,5
180.jpg,data\raw\healthy\180.jpg,healthy,180.jpg,1,42,stratified_image_level_fallback,5
181.jpg,data\raw\healthy\181.jpg,healthy,181.jpg,0,42,stratified_image_level_fallback,5
182.jpg,data\raw\healthy\182.jpg,healthy,182.jpg,0,42,stratified_image_level_fallback,5
183.jpg,data\raw\healthy\183.jpg,healthy,183.jpg,3,42,stratified_image_level_fallback,5
184.jpg,data\raw\healthy\184.jpg,healthy,184.jpg,2,42,stratified_image_level_fallback,5
185.jpg,data\raw\healthy\185.jpg,healthy,185.jpg,4,42,stratified_image_level_fallback,5
186.jpg,data\raw\healthy\186.jpg,healthy,186.jpg,3,42,stratified_image_level_fallback,5
187.jpg,data\raw\healthy\187.jpg,healthy,187.jpg,3,42,stratified_image_level_fallback,5
188.jpg,data\raw\healthy\188.jpg,healthy,188.jpg,0,42,stratified_image_level_fallback,5
189.jpg,data\raw\healthy\189.jpg,healthy,189.jpg,2,42,stratified_image_level_fallback,5
19.jpg,data\raw\healthy\19.jpg,healthy,19.jpg,1,42,stratified_image_level_fallback,5
190.jpg,data\raw\healthy\190.jpg,healthy,190.jpg,0,42,stratified_image_level_fallback,5
191.jpg,data\raw\healthy\191.jpg,healthy,191.jpg,4,42,stratified_image_level_fallback,5
192.jpg,data\raw\healthy\192.jpg,healthy,192.jpg,0,42,stratified_image_level_fallback,5
193.jpg,data\raw\healthy\193.jpg,healthy,193.jpg,4,42,stratified_image_level_fallback,5
194.jpg,data\raw\healthy\194.jpg,healthy,194.jpg,1,42,stratified_image_level_fallback,5
195.jpg,data\raw\healthy\195.jpg,healthy,195.jpg,0,42,stratified_image_level_fallback,5
196.jpg,data\raw\healthy\196.jpg,healthy,196.jpg,0,42,stratified_image_level_fallback,5
197.jpg,data\raw\healthy\197.jpg,healthy,197.jpg,3,42,stratified_image_level_fallback,5
198.jpg,data\raw\healthy\198.jpg,healthy,198.jpg,3,42,stratified_image_level_fallback,5
199.jpg,data\raw\healthy\199.jpg,healthy,199.jpg,1,42,stratified_image_level_fallback,5
2.jpg,data\raw\healthy\2.jpg,healthy,2.jpg,2,42,stratified_image_level_fallback,5
20.jpg,data\raw\healthy\20.jpg,healthy,20.jpg,4,42,stratified_image_level_fallback,5
200.jpg,data\raw\healthy\200.jpg,healthy,200.jpg,3,42,stratified_image_level_fallback,5
201.jpg,data\raw\healthy\201.jpg,healthy,201.jpg,3,42,stratified_image_level_fallback,5
202.jpg,data\raw\healthy\202.jpg,healthy,202.jpg,3,42,stratified_image_level_fallback,5
203.jpg,data\raw\healthy\203.jpg,healthy,203.jpg,4,42,stratified_image_level_fallback,5
204.jpg,data\raw\healthy\204.jpg,healthy,204.jpg,2,42,stratified_image_level_fallback,5
205.jpg,data\raw\healthy\205.jpg,healthy,205.jpg,2,42,stratified_image_level_fallback,5
206.jpg,data\raw\healthy\206.jpg,healthy,206.jpg,2,42,stratified_image_level_fallback,5
207.jpg,data\raw\healthy\207.jpg,healthy,207.jpg,2,42,stratified_image_level_fallback,5
208.jpg,data\raw\healthy\208.jpg,healthy,208.jpg,2,42,stratified_image_level_fallback,5
209.jpg,data\raw\healthy\209.jpg,healthy,209.jpg,4,42,stratified_image_level_fallback,5
21.jpg,data\raw\healthy\21.jpg,healthy,21.jpg,2,42,stratified_image_level_fallback,5
210.jpg,data\raw\healthy\210.jpg,healthy,210.jpg,4,42,stratified_image_level_fallback,5
211.jpg,data\raw\healthy\211.jpg,healthy,211.jpg,0,42,stratified_image_level_fallback,5
212.jpg,data\raw\healthy\212.jpg,healthy,212.jpg,4,42,stratified_image_level_fallback,5
213.jpg,data\raw\healthy\213.jpg,healthy,213.jpg,2,42,stratified_image_level_fallback,5
214.jpg,data\raw\healthy\214.jpg,healthy,214.jpg,4,42,stratified_image_level_fallback,5
215.jpg,data\raw\healthy\215.jpg,healthy,215.jpg,3,42,stratified_image_level_fallback,5
216.jpg,data\raw\healthy\216.jpg,healthy,216.jpg,1,42,stratified_image_level_fallback,5
217.jpg,data\raw\healthy\217.jpg,healthy,217.jpg,1,42,stratified_image_level_fallback,5
218.jpg,data\raw\healthy\218.jpg,healthy,218.jpg,1,42,stratified_image_level_fallback,5
219.jpg,data\raw\healthy\219.jpg,healthy,219.jpg,3,42,stratified_image_level_fallback,5
22.jpg,data\raw\healthy\22.jpg,healthy,22.jpg,3,42,stratified_image_level_fallback,5
220.jpg,data\raw\healthy\220.jpg,healthy,220.jpg,4,42,stratified_image_level_fallback,5
221.jpg,data\raw\healthy\221.jpg,healthy,221.jpg,2,42,stratified_image_level_fallback,5
222.jpg,data\raw\healthy\222.jpg,healthy,222.jpg,3,42,stratified_image_level_fallback,5
223.jpg,data\raw\healthy\223.jpg,healthy,223.jpg,4,42,stratified_image_level_fallback,5
224.jpg,data\raw\healthy\224.jpg,healthy,224.jpg,4,42,stratified_image_level_fallback,5
225.jpg,data\raw\healthy\225.jpg,healthy,225.jpg,4,42,stratified_image_level_fallback,5
226.jpg,data\raw\healthy\226.jpg,healthy,226.jpg,1,42,stratified_image_level_fallback,5
227.jpg,data\raw\healthy\227.jpg,healthy,227.jpg,4,42,stratified_image_level_fallback,5
228.jpg,data\raw\healthy\228.jpg,healthy,228.jpg,0,42,stratified_image_level_fallback,5
229.jpg,data\raw\healthy\229.jpg,healthy,229.jpg,3,42,stratified_image_level_fallback,5
23.jpg,data\raw\healthy\23.jpg,healthy,23.jpg,0,42,stratified_image_level_fallback,5
230.jpg,data\raw\healthy\230.jpg,healthy,230.jpg,2,42,stratified_image_level_fallback,5
231.jpg,data\raw\healthy\231.jpg,healthy,231.jpg,2,42,stratified_image_level_fallback,5
232.jpg,data\raw\healthy\232.jpg,healthy,232.jpg,3,42,stratified_image_level_fallback,5
233.jpg,data\raw\healthy\233.jpg,healthy,233.jpg,4,42,stratified_image_level_fallback,5
234.jpg,data\raw\healthy\234.jpg,healthy,234.jpg,1,42,stratified_image_level_fallback,5
235.jpg,data\raw\healthy\235.jpg,healthy,235.jpg,0,42,stratified_image_level_fallback,5
236.jpg,data\raw\healthy\236.jpg,healthy,236.jpg,2,42,stratified_image_level_fallback,5
237.jpg,data\raw\healthy\237.jpg,healthy,237.jpg,0,42,stratified_image_level_fallback,5
238.jpg,data\raw\healthy\238.jpg,healthy,238.jpg,3,42,stratified_image_level_fallback,5
239.jpg,data\raw\healthy\239.jpg,healthy,239.jpg,2,42,stratified_image_level_fallback,5
24.jpg,data\raw\healthy\24.jpg,healthy,24.jpg,3,42,stratified_image_level_fallback,5
240.jpg,data\raw\healthy\240.jpg,healthy,240.jpg,4,42,stratified_image_level_fallback,5
241.jpg,data\raw\healthy\241.jpg,healthy,241.jpg,1,42,stratified_image_level_fallback,5
242.jpg,data\raw\healthy\242.jpg,healthy,242.jpg,1,42,stratified_image_level_fallback,5
243.jpg,data\raw\healthy\243.jpg,healthy,243.jpg,2,42,stratified_image_level_fallback,5
244.jpg,data\raw\healthy\244.jpg,healthy,244.jpg,3,42,stratified_image_level_fallback,5
245.jpg,data\raw\healthy\245.jpg,healthy,245.jpg,0,42,stratified_image_level_fallback,5
246.jpg,data\raw\healthy\246.jpg,healthy,246.jpg,1,42,stratified_image_level_fallback,5
247.jpg,data\raw\healthy\247.jpg,healthy,247.jpg,1,42,stratified_image_level_fallback,5
248.jpg,data\raw\healthy\248.jpg,healthy,248.jpg,2,42,stratified_image_level_fallback,5
249.jpg,data\raw\healthy\249.jpg,healthy,249.jpg,1,42,stratified_image_level_fallback,5
25.jpg,data\raw\healthy\25.jpg,healthy,25.jpg,0,42,stratified_image_level_fallback,5
250.jpg,data\raw\healthy\250.jpg,healthy,250.jpg,2,42,stratified_image_level_fallback,5
251.jpg,data\raw\healthy\251.jpg,healthy,251.jpg,0,42,stratified_image_level_fallback,5
252.jpg,data\raw\healthy\252.jpg,healthy,252.jpg,0,42,stratified_image_level_fallback,5
253.jpg,data\raw\healthy\253.jpg,healthy,253.jpg,2,42,stratified_image_level_fallback,5
254.jpg,data\raw\healthy\254.jpg,healthy,254.jpg,0,42,stratified_image_level_fallback,5
255.jpg,data\raw\healthy\255.jpg,healthy,255.jpg,2,42,stratified_image_level_fallback,5
256.jpg,data\raw\healthy\256.jpg,healthy,256.jpg,2,42,stratified_image_level_fallback,5
257.jpg,data\raw\healthy\257.jpg,healthy,257.jpg,2,42,stratified_image_level_fallback,5
258.jpg,data\raw\healthy\258.jpg,healthy,258.jpg,3,42,stratified_image_level_fallback,5
259.jpg,data\raw\healthy\259.jpg,healthy,259.jpg,0,42,stratified_image_level_fallback,5
26.jpg,data\raw\healthy\26.jpg,healthy,26.jpg,3,42,stratified_image_level_fallback,5
260.jpg,data\raw\healthy\260.jpg,healthy,260.jpg,4,42,stratified_image_level_fallback,5
261.jpg,data\raw\healthy\261.jpg,healthy,261.jpg,0,42,stratified_image_level_fallback,5
262.jpg,data\raw\healthy\262.jpg,healthy,262.jpg,2,42,stratified_image_level_fallback,5
263.jpg,data\raw\healthy\263.jpg,healthy,263.jpg,2,42,stratified_image_level_fallback,5
264.jpg,data\raw\healthy\264.jpg,healthy,264.jpg,4,42,stratified_image_level_fallback,5
265.jpg,data\raw\healthy\265.jpg,healthy,265.jpg,0,42,stratified_image_level_fallback,5
266.jpg,data\raw\healthy\266.jpg,healthy,266.jpg,1,42,stratified_image_level_fallback,5
267.jpg,data\raw\healthy\267.jpg,healthy,267.jpg,0,42,stratified_image_level_fallback,5
268.jpg,data\raw\healthy\268.jpg,healthy,268.jpg,1,42,stratified_image_level_fallback,5
269.jpg,data\raw\healthy\269.jpg,healthy,269.jpg,3,42,stratified_image_level_fallback,5
27.jpg,data\raw\healthy\27.jpg,healthy,27.jpg,0,42,stratified_image_level_fallback,5
270.jpg,data\raw\healthy\270.jpg,healthy,270.jpg,0,42,stratified_image_level_fallback,5
271.jpg,data\raw\healthy\271.jpg,healthy,271.jpg,3,42,stratified_image_level_fallback,5
272.jpg,data\raw\healthy\272.jpg,healthy,272.jpg,0,42,stratified_image_level_fallback,5
273.jpg,data\raw\healthy\273.jpg,healthy,273.jpg,2,42,stratified_image_level_fallback,5
274.jpg,data\raw\healthy\274.jpg,healthy,274.jpg,2,42,stratified_image_level_fallback,5
275.jpg,data\raw\healthy\275.jpg,healthy,275.jpg,0,42,stratified_image_level_fallback,5
276.jpg,data\raw\healthy\276.jpg,healthy,276.jpg,4,42,stratified_image_level_fallback,5
277.jpg,data\raw\healthy\277.jpg,healthy,277.jpg,1,42,stratified_image_level_fallback,5
278.jpg,data\raw\healthy\278.jpg,healthy,278.jpg,3,42,stratified_image_level_fallback,5
279.jpg,data\raw\healthy\279.jpg,healthy,279.jpg,2,42,stratified_image_level_fallback,5
28.jpg,data\raw\healthy\28.jpg,healthy,28.jpg,0,42,stratified_image_level_fallback,5
280.jpg,data\raw\healthy\280.jpg,healthy,280.jpg,2,42,stratified_image_level_fallback,5
281.jpg,data\raw\healthy\281.jpg,healthy,281.jpg,4,42,stratified_image_level_fallback,5
283.jpg,data\raw\healthy\283.jpg,healthy,283.jpg,0,42,stratified_image_level_fallback,5
284.jpg,data\raw\healthy\284.jpg,healthy,284.jpg,0,42,stratified_image_level_fallback,5
285.jpg,data\raw\healthy\285.jpg,healthy,285.jpg,1,42,stratified_image_level_fallback,5
286.jpg,data\raw\healthy\286.jpg,healthy,286.jpg,4,42,stratified_image_level_fallback,5
287.jpg,data\raw\healthy\287.jpg,healthy,287.jpg,0,42,stratified_image_level_fallback,5
288.jpg,data\raw\healthy\288.jpg,healthy,288.jpg,0,42,stratified_image_level_fallback,5
289.jpg,data\raw\healthy\289.jpg,healthy,289.jpg,1,42,stratified_image_level_fallback,5
29.jpg,data\raw\healthy\29.jpg,healthy,29.jpg,4,42,stratified_image_level_fallback,5
290.jpg,data\raw\healthy\290.jpg,healthy,290.jpg,1,42,stratified_image_level_fallback,5
291.jpg,data\raw\healthy\291.jpg,healthy,291.jpg,1,42,stratified_image_level_fallback,5
292.jpg,data\raw\healthy\292.jpg,healthy,292.jpg,3,42,stratified_image_level_fallback,5
293.jpg,data\raw\healthy\293.jpg,healthy,293.jpg,1,42,stratified_image_level_fallback,5
294.jpg,data\raw\healthy\294.jpg,healthy,294.jpg,1,42,stratified_image_level_fallback,5
295.jpg,data\raw\healthy\295.jpg,healthy,295.jpg,3,42,stratified_image_level_fallback,5
296.jpg,data\raw\healthy\296.jpg,healthy,296.jpg,2,42,stratified_image_level_fallback,5
297.jpg,data\raw\healthy\297.jpg,healthy,297.jpg,1,42,stratified_image_level_fallback,5
298.jpg,data\raw\healthy\298.jpg,healthy,298.jpg,1,42,stratified_image_level_fallback,5
299.jpg,data\raw\healthy\299.jpg,healthy,299.jpg,3,42,stratified_image_level_fallback,5
3.jpg,data\raw\healthy\3.jpg,healthy,3.jpg,3,42,stratified_image_level_fallback,5
30.jpg,data\raw\healthy\30.jpg,healthy,30.jpg,2,42,stratified_image_level_fallback,5
300.jpg,data\raw\healthy\300.jpg,healthy,300.jpg,3,42,stratified_image_level_fallback,5
301.jpg,data\raw\healthy\301.jpg,healthy,301.jpg,3,42,stratified_image_level_fallback,5
302.jpg,data\raw\healthy\302.jpg,healthy,302.jpg,4,42,stratified_image_level_fallback,5
303.jpg,data\raw\healthy\303.jpg,healthy,303.jpg,1,42,stratified_image_level_fallback,5
304.jpg,data\raw\healthy\304.jpg,healthy,304.jpg,3,42,stratified_image_level_fallback,5
305.jpg,data\raw\healthy\305.jpg,healthy,305.jpg,0,42,stratified_image_level_fallback,5
306.jpg,data\raw\healthy\306.jpg,healthy,306.jpg,3,42,stratified_image_level_fallback,5
307.jpg,data\raw\healthy\307.jpg,healthy,307.jpg,2,42,stratified_image_level_fallback,5
308.jpg,data\raw\healthy\308.jpg,healthy,308.jpg,1,42,stratified_image_level_fallback,5
309.jpg,data\raw\healthy\309.jpg,healthy,309.jpg,1,42,stratified_image_level_fallback,5
31.jpg,data\raw\healthy\31.jpg,healthy,31.jpg,2,42,stratified_image_level_fallback,5
310.jpg,data\raw\healthy\310.jpg,healthy,310.jpg,4,42,stratified_image_level_fallback,5
311.jpg,data\raw\healthy\311.jpg,healthy,311.jpg,2,42,stratified_image_level_fallback,5
312.jpg,data\raw\healthy\312.jpg,healthy,312.jpg,1,42,stratified_image_level_fallback,5
313.jpg,data\raw\healthy\313.jpg,healthy,313.jpg,0,42,stratified_image_level_fallback,5
314 - Copy.jpg,data\raw\healthy\314 - Copy.jpg,healthy,314 - Copy.jpg,1,42,stratified_image_level_fallback,5
314.jpg,data\raw\healthy\314.jpg,healthy,314.jpg,2,42,stratified_image_level_fallback,5
315 - Copy.jpg,data\raw\healthy\315 - Copy.jpg,healthy,315 - Copy.jpg,1,42,stratified_image_level_fallback,5
315.jpg,data\raw\healthy\315.jpg,healthy,315.jpg,0,42,stratified_image_level_fallback,5
316 - Copy.jpg,data\raw\healthy\316 - Copy.jpg,healthy,316 - Copy.jpg,1,42,stratified_image_level_fallback,5
316.jpg,data\raw\healthy\316.jpg,healthy,316.jpg,4,42,stratified_image_level_fallback,5
317 - Copy.jpg,data\raw\healthy\317 - Copy.jpg,healthy,317 - Copy.jpg,4,42,stratified_image_level_fallback,5
317.jpg,data\raw\healthy\317.jpg,healthy,317.jpg,2,42,stratified_image_level_fallback,5
318 - Copy.jpg,data\raw\healthy\318 - Copy.jpg,healthy,318 - Copy.jpg,3,42,stratified_image_level_fallback,5
318.jpg,data\raw\healthy\318.jpg,healthy,318.jpg,0,42,stratified_image_level_fallback,5
319.jpg,data\raw\healthy\319.jpg,healthy,319.jpg,0,42,stratified_image_level_fallback,5
32.jpg,data\raw\healthy\32.jpg,healthy,32.jpg,1,42,stratified_image_level_fallback,5
320.jpg,data\raw\healthy\320.jpg,healthy,320.jpg,1,42,stratified_image_level_fallback,5
321 - Copy.jpg,data\raw\healthy\321 - Copy.jpg,healthy,321 - Copy.jpg,1,42,stratified_image_level_fallback,5
321.jpg,data\raw\healthy\321.jpg,healthy,321.jpg,2,42,stratified_image_level_fallback,5
322 - Copy.jpg,data\raw\healthy\322 - Copy.jpg,healthy,322 - Copy.jpg,0,42,stratified_image_level_fallback,5
322.jpg,data\raw\healthy\322.jpg,healthy,322.jpg,3,42,stratified_image_level_fallback,5
323 - Copy.jpg,data\raw\healthy\323 - Copy.jpg,healthy,323 - Copy.jpg,4,42,stratified_image_level_fallback,5
323.jpg,data\raw\healthy\323.jpg,healthy,323.jpg,4,42,stratified_image_level_fallback,5
324.jpg,data\raw\healthy\324.jpg,healthy,324.jpg,1,42,stratified_image_level_fallback,5
325 - Copy.jpg,data\raw\healthy\325 - Copy.jpg,healthy,325 - Copy.jpg,2,42,stratified_image_level_fallback,5
325.jpg,data\raw\healthy\325.jpg,healthy,325.jpg,3,42,stratified_image_level_fallback,5
326.jpg,data\raw\healthy\326.jpg,healthy,326.jpg,3,42,stratified_image_level_fallback,5
327.jpg,data\raw\healthy\327.jpg,healthy,327.jpg,4,42,stratified_image_level_fallback,5
328.jpg,data\raw\healthy\328.jpg,healthy,328.jpg,2,42,stratified_image_level_fallback,5
329.jpg,data\raw\healthy\329.jpg,healthy,329.jpg,4,42,stratified_image_level_fallback,5
33.jpg,data\raw\healthy\33.jpg,healthy,33.jpg,4,42,stratified_image_level_fallback,5
330.jpg,data\raw\healthy\330.jpg,healthy,330.jpg,4,42,stratified_image_level_fallback,5
331 - Copy.jpg,data\raw\healthy\331 - Copy.jpg,healthy,331 - Copy.jpg,2,42,stratified_image_level_fallback,5
331.jpg,data\raw\healthy\331.jpg,healthy,331.jpg,0,42,stratified_image_level_fallback,5
332.jpg,data\raw\healthy\332.jpg,healthy,332.jpg,1,42,stratified_image_level_fallback,5
333.jpg,data\raw\healthy\333.jpg,healthy,333.jpg,2,42,stratified_image_level_fallback,5
334.jpg,data\raw\healthy\334.jpg,healthy,334.jpg,4,42,stratified_image_level_fallback,5
335.jpg,data\raw\healthy\335.jpg,healthy,335.jpg,0,42,stratified_image_level_fallback,5
336.jpg,data\raw\healthy\336.jpg,healthy,336.jpg,1,42,stratified_image_level_fallback,5
337.jpg,data\raw\healthy\337.jpg,healthy,337.jpg,3,42,stratified_image_level_fallback,5
338.jpg,data\raw\healthy\338.jpg,healthy,338.jpg,3,42,stratified_image_level_fallback,5
339.jpg,data\raw\healthy\339.jpg,healthy,339.jpg,2,42,stratified_image_level_fallback,5
34.jpg,data\raw\healthy\34.jpg,healthy,34.jpg,3,42,stratified_image_level_fallback,5
340.jpg,data\raw\healthy\340.jpg,healthy,340.jpg,1,42,stratified_image_level_fallback,5
341.jpg,data\raw\healthy\341.jpg,healthy,341.jpg,2,42,stratified_image_level_fallback,5
342.jpg,data\raw\healthy\342.jpg,healthy,342.jpg,3,42,stratified_image_level_fallback,5
343.jpg,data\raw\healthy\343.jpg,healthy,343.jpg,0,42,stratified_image_level_fallback,5
344.jpg,data\raw\healthy\344.jpg,healthy,344.jpg,4,42,stratified_image_level_fallback,5
345.jpg,data\raw\healthy\345.jpg,healthy,345.jpg,1,42,stratified_image_level_fallback,5
346.jpg,data\raw\healthy\346.jpg,healthy,346.jpg,2,42,stratified_image_level_fallback,5
347.jpg,data\raw\healthy\347.jpg,healthy,347.jpg,1,42,stratified_image_level_fallback,5
348.jpg,data\raw\healthy\348.jpg,healthy,348.jpg,4,42,stratified_image_level_fallback,5
349.jpg,data\raw\healthy\349.jpg,healthy,349.jpg,1,42,stratified_image_level_fallback,5
35.jpg,data\raw\healthy\35.jpg,healthy,35.jpg,3,42,stratified_image_level_fallback,5
350.jpg,data\raw\healthy\350.jpg,healthy,350.jpg,2,42,stratified_image_level_fallback,5
351.jpg,data\raw\healthy\351.jpg,healthy,351.jpg,1,42,stratified_image_level_fallback,5
352.jpg,data\raw\healthy\352.jpg,healthy,352.jpg,3,42,stratified_image_level_fallback,5
353.jpg,data\raw\healthy\353.jpg,healthy,353.jpg,0,42,stratified_image_level_fallback,5
354.jpg,data\raw\healthy\354.jpg,healthy,354.jpg,1,42,stratified_image_level_fallback,5
355.jpg,data\raw\healthy\355.jpg,healthy,355.jpg,2,42,stratified_image_level_fallback,5
356.jpg,data\raw\healthy\356.jpg,healthy,356.jpg,4,42,stratified_image_level_fallback,5
357.jpg,data\raw\healthy\357.jpg,healthy,357.jpg,0,42,stratified_image_level_fallback,5
358.jpg,data\raw\healthy\358.jpg,healthy,358.jpg,4,42,stratified_image_level_fallback,5
359.jpg,data\raw\healthy\359.jpg,healthy,359.jpg,2,42,stratified_image_level_fallback,5
36.jpg,data\raw\healthy\36.jpg,healthy,36.jpg,3,42,stratified_image_level_fallback,5
360.jpg,data\raw\healthy\360.jpg,healthy,360.jpg,1,42,stratified_image_level_fallback,5
361.jpg,data\raw\healthy\361.jpg,healthy,361.jpg,1,42,stratified_image_level_fallback,5
362.jpg,data\raw\healthy\362.jpg,healthy,362.jpg,1,42,stratified_image_level_fallback,5
363.jpg,data\raw\healthy\363.jpg,healthy,363.jpg,2,42,stratified_image_level_fallback,5
364.jpg,data\raw\healthy\364.jpg,healthy,364.jpg,3,42,stratified_image_level_fallback,5
365.jpg,data\raw\healthy\365.jpg,healthy,365.jpg,3,42,stratified_image_level_fallback,5
366.jpg,data\raw\healthy\366.jpg,healthy,366.jpg,3,42,stratified_image_level_fallback,5
367.jpg,data\raw\healthy\367.jpg,healthy,367.jpg,3,42,stratified_image_level_fallback,5
368.jpg,data\raw\healthy\368.jpg,healthy,368.jpg,4,42,stratified_image_level_fallback,5
369.jpg,data\raw\healthy\369.jpg,healthy,369.jpg,3,42,stratified_image_level_fallback,5
37.jpg,data\raw\healthy\37.jpg,healthy,37.jpg,1,42,stratified_image_level_fallback,5
370.jpg,data\raw\healthy\370.jpg,healthy,370.jpg,3,42,stratified_image_level_fallback,5
371.jpg,data\raw\healthy\371.jpg,healthy,371.jpg,2,42,stratified_image_level_fallback,5
372.jpg,data\raw\healthy\372.jpg,healthy,372.jpg,4,42,stratified_image_level_fallback,5
373.jpg,data\raw\healthy\373.jpg,healthy,373.jpg,2,42,stratified_image_level_fallback,5
374.jpg,data\raw\healthy\374.jpg,healthy,374.jpg,1,42,stratified_image_level_fallback,5
375.jpg,data\raw\healthy\375.jpg,healthy,375.jpg,4,42,stratified_image_level_fallback,5
377.jpg,data\raw\healthy\377.jpg,healthy,377.jpg,4,42,stratified_image_level_fallback,5
378.jpg,data\raw\healthy\378.jpg,healthy,378.jpg,4,42,stratified_image_level_fallback,5
379.jpg,data\raw\healthy\379.jpg,healthy,379.jpg,3,42,stratified_image_level_fallback,5
38.jpg,data\raw\healthy\38.jpg,healthy,38.jpg,2,42,stratified_image_level_fallback,5
380.jpg,data\raw\healthy\380.jpg,healthy,380.jpg,3,42,stratified_image_level_fallback,5
381.jpg,data\raw\healthy\381.jpg,healthy,381.jpg,3,42,stratified_image_level_fallback,5
382.jpg,data\raw\healthy\382.jpg,healthy,382.jpg,2,42,stratified_image_level_fallback,5
383.jpg,data\raw\healthy\383.jpg,healthy,383.jpg,3,42,stratified_image_level_fallback,5
384.jpg,data\raw\healthy\384.jpg,healthy,384.jpg,3,42,stratified_image_level_fallback,5
385.jpg,data\raw\healthy\385.jpg,healthy,385.jpg,3,42,stratified_image_level_fallback,5
386.jpg,data\raw\healthy\386.jpg,healthy,386.jpg,1,42,stratified_image_level_fallback,5
387.jpg,data\raw\healthy\387.jpg,healthy,387.jpg,1,42,stratified_image_level_fallback,5
389.jpg,data\raw\healthy\389.jpg,healthy,389.jpg,3,42,stratified_image_level_fallback,5
39.jpg,data\raw\healthy\39.jpg,healthy,39.jpg,3,42,stratified_image_level_fallback,5
390.jpg,data\raw\healthy\390.jpg,healthy,390.jpg,3,42,stratified_image_level_fallback,5
391.jpg,data\raw\healthy\391.jpg,healthy,391.jpg,2,42,stratified_image_level_fallback,5
392.jpg,data\raw\healthy\392.jpg,healthy,392.jpg,1,42,stratified_image_level_fallback,5
393.jpg,data\raw\healthy\393.jpg,healthy,393.jpg,4,42,stratified_image_level_fallback,5
394.jpg,data\raw\healthy\394.jpg,healthy,394.jpg,2,42,stratified_image_level_fallback,5
395.jpg,data\raw\healthy\395.jpg,healthy,395.jpg,4,42,stratified_image_level_fallback,5
396.jpg,data\raw\healthy\396.jpg,healthy,396.jpg,3,42,stratified_image_level_fallback,5
397.jpg,data\raw\healthy\397.jpg,healthy,397.jpg,1,42,stratified_image_level_fallback,5
398.jpg,data\raw\healthy\398.jpg,healthy,398.jpg,2,42,stratified_image_level_fallback,5
399.jpg,data\raw\healthy\399.jpg,healthy,399.jpg,1,42,stratified_image_level_fallback,5
4.jpg,data\raw\healthy\4.jpg,healthy,4.jpg,1,42,stratified_image_level_fallback,5
40.jpg,data\raw\healthy\40.jpg,healthy,40.jpg,2,42,stratified_image_level_fallback,5
400.jpg,data\raw\healthy\400.jpg,healthy,400.jpg,2,42,stratified_image_level_fallback,5
401.jpg,data\raw\healthy\401.jpg,healthy,401.jpg,1,42,stratified_image_level_fallback,5
402.jpg,data\raw\healthy\402.jpg,healthy,402.jpg,1,42,stratified_image_level_fallback,5
403.jpg,data\raw\healthy\403.jpg,healthy,403.jpg,4,42,stratified_image_level_fallback,5
404.jpg,data\raw\healthy\404.jpg,healthy,404.jpg,2,42,stratified_image_level_fallback,5
405.jpg,data\raw\healthy\405.jpg,healthy,405.jpg,4,42,stratified_image_level_fallback,5
406.jpg,data\raw\healthy\406.jpg,healthy,406.jpg,3,42,stratified_image_level_fallback,5
407.jpg,data\raw\healthy\407.jpg,healthy,407.jpg,3,42,stratified_image_level_fallback,5
408.jpg,data\raw\healthy\408.jpg,healthy,408.jpg,1,42,stratified_image_level_fallback,5
409.jpg,data\raw\healthy\409.jpg,healthy,409.jpg,4,42,stratified_image_level_fallback,5
41.jpg,data\raw\healthy\41.jpg,healthy,41.jpg,2,42,stratified_image_level_fallback,5
410.jpg,data\raw\healthy\410.jpg,healthy,410.jpg,4,42,stratified_image_level_fallback,5
411.jpg,data\raw\healthy\411.jpg,healthy,411.jpg,4,42,stratified_image_level_fallback,5
412.jpg,data\raw\healthy\412.jpg,healthy,412.jpg,0,42,stratified_image_level_fallback,5
413.jpg,data\raw\healthy\413.jpg,healthy,413.jpg,3,42,stratified_image_level_fallback,5
414.jpg,data\raw\healthy\414.jpg,healthy,414.jpg,4,42,stratified_image_level_fallback,5
415.jpg,data\raw\healthy\415.jpg,healthy,415.jpg,1,42,stratified_image_level_fallback,5
416.jpg,data\raw\healthy\416.jpg,healthy,416.jpg,3,42,stratified_image_level_fallback,5
417.jpg,data\raw\healthy\417.jpg,healthy,417.jpg,0,42,stratified_image_level_fallback,5
418.jpg,data\raw\healthy\418.jpg,healthy,418.jpg,1,42,stratified_image_level_fallback,5
419.jpg,data\raw\healthy\419.jpg,healthy,419.jpg,0,42,stratified_image_level_fallback,5
42.jpg,data\raw\healthy\42.jpg,healthy,42.jpg,2,42,stratified_image_level_fallback,5
420.jpg,data\raw\healthy\420.jpg,healthy,420.jpg,0,42,stratified_image_level_fallback,5
421.jpg,data\raw\healthy\421.jpg,healthy,421.jpg,2,42,stratified_image_level_fallback,5
422.jpg,data\raw\healthy\422.jpg,healthy,422.jpg,1,42,stratified_image_level_fallback,5
423.jpg,data\raw\healthy\423.jpg,healthy,423.jpg,3,42,stratified_image_level_fallback,5
425.jpg,data\raw\healthy\425.jpg,healthy,425.jpg,1,42,stratified_image_level_fallback,5
426.jpg,data\raw\healthy\426.jpg,healthy,426.jpg,0,42,stratified_image_level_fallback,5
427.jpg,data\raw\healthy\427.jpg,healthy,427.jpg,0,42,stratified_image_level_fallback,5
428.jpg,data\raw\healthy\428.jpg,healthy,428.jpg,0,42,stratified_image_level_fallback,5
429.jpg,data\raw\healthy\429.jpg,healthy,429.jpg,1,42,stratified_image_level_fallback,5
43.jpg,data\raw\healthy\43.jpg,healthy,43.jpg,1,42,stratified_image_level_fallback,5
430.jpg,data\raw\healthy\430.jpg,healthy,430.jpg,4,42,stratified_image_level_fallback,5
431.jpg,data\raw\healthy\431.jpg,healthy,431.jpg,3,42,stratified_image_level_fallback,5
432.jpg,data\raw\healthy\432.jpg,healthy,432.jpg,2,42,stratified_image_level_fallback,5
433.jpg,data\raw\healthy\433.jpg,healthy,433.jpg,0,42,stratified_image_level_fallback,5
434.jpg,data\raw\healthy\434.jpg,healthy,434.jpg,0,42,stratified_image_level_fallback,5
435.jpg,data\raw\healthy\435.jpg,healthy,435.jpg,2,42,stratified_image_level_fallback,5
436.jpg,data\raw\healthy\436.jpg,healthy,436.jpg,3,42,stratified_image_level_fallback,5
437.jpg,data\raw\healthy\437.jpg,healthy,437.jpg,3,42,stratified_image_level_fallback,5
438.jpg,data\raw\healthy\438.jpg,healthy,438.jpg,3,42,stratified_image_level_fallback,5
439.jpg,data\raw\healthy\439.jpg,healthy,439.jpg,1,42,stratified_image_level_fallback,5
44.jpg,data\raw\healthy\44.jpg,healthy,44.jpg,4,42,stratified_image_level_fallback,5
440.jpg,data\raw\healthy\440.jpg,healthy,440.jpg,0,42,stratified_image_level_fallback,5
441.jpg,data\raw\healthy\441.jpg,healthy,441.jpg,4,42,stratified_image_level_fallback,5
442.jpg,data\raw\healthy\442.jpg,healthy,442.jpg,3,42,stratified_image_level_fallback,5
443.jpg,data\raw\healthy\443.jpg,healthy,443.jpg,1,42,stratified_image_level_fallback,5
444.jpg,data\raw\healthy\444.jpg,healthy,444.jpg,2,42,stratified_image_level_fallback,5
445.jpg,data\raw\healthy\445.jpg,healthy,445.jpg,3,42,stratified_image_level_fallback,5
446.jpg,data\raw\healthy\446.jpg,healthy,446.jpg,2,42,stratified_image_level_fallback,5
447.jpg,data\raw\healthy\447.jpg,healthy,447.jpg,4,42,stratified_image_level_fallback,5
448.jpg,data\raw\healthy\448.jpg,healthy,448.jpg,0,42,stratified_image_level_fallback,5
449.jpg,data\raw\healthy\449.jpg,healthy,449.jpg,2,42,stratified_image_level_fallback,5
45.jpg,data\raw\healthy\45.jpg,healthy,45.jpg,4,42,stratified_image_level_fallback,5
450.jpg,data\raw\healthy\450.jpg,healthy,450.jpg,0,42,stratified_image_level_fallback,5
451.jpg,data\raw\healthy\451.jpg,healthy,451.jpg,2,42,stratified_image_level_fallback,5
452.jpg,data\raw\healthy\452.jpg,healthy,452.jpg,4,42,stratified_image_level_fallback,5
453.jpg,data\raw\healthy\453.jpg,healthy,453.jpg,1,42,stratified_image_level_fallback,5
454.jpg,data\raw\healthy\454.jpg,healthy,454.jpg,4,42,stratified_image_level_fallback,5
456.jpg,data\raw\healthy\456.jpg,healthy,456.jpg,1,42,stratified_image_level_fallback,5
457.jpg,data\raw\healthy\457.jpg,healthy,457.jpg,0,42,stratified_image_level_fallback,5
458.jpg,data\raw\healthy\458.jpg,healthy,458.jpg,2,42,stratified_image_level_fallback,5
459.jpg,data\raw\healthy\459.jpg,healthy,459.jpg,1,42,stratified_image_level_fallback,5
46.jpg,data\raw\healthy\46.jpg,healthy,46.jpg,0,42,stratified_image_level_fallback,5
460.jpg,data\raw\healthy\460.jpg,healthy,460.jpg,0,42,stratified_image_level_fallback,5
461.jpg,data\raw\healthy\461.jpg,healthy,461.jpg,0,42,stratified_image_level_fallback,5
462.jpg,data\raw\healthy\462.jpg,healthy,462.jpg,2,42,stratified_image_level_fallback,5
463.jpg,data\raw\healthy\463.jpg,healthy,463.jpg,3,42,stratified_image_level_fallback,5
464.jpg,data\raw\healthy\464.jpg,healthy,464.jpg,1,42,stratified_image_level_fallback,5
465.jpg,data\raw\healthy\465.jpg,healthy,465.jpg,4,42,stratified_image_level_fallback,5
466.jpg,data\raw\healthy\466.jpg,healthy,466.jpg,0,42,stratified_image_level_fallback,5
467.jpg,data\raw\healthy\467.jpg,healthy,467.jpg,3,42,stratified_image_level_fallback,5
468.jpg,data\raw\healthy\468.jpg,healthy,468.jpg,2,42,stratified_image_level_fallback,5
469.jpg,data\raw\healthy\469.jpg,healthy,469.jpg,2,42,stratified_image_level_fallback,5
47.jpg,data\raw\healthy\47.jpg,healthy,47.jpg,3,42,stratified_image_level_fallback,5
470 (2).jpg,data\raw\healthy\470 (2).jpg,healthy,470 (2).jpg,2,42,stratified_image_level_fallback,5
470.jpg,data\raw\healthy\470.jpg,healthy,470.jpg,3,42,stratified_image_level_fallback,5
471.jpg,data\raw\healthy\471.jpg,healthy,471.jpg,1,42,stratified_image_level_fallback,5
472.jpg,data\raw\healthy\472.jpg,healthy,472.jpg,3,42,stratified_image_level_fallback,5
473.jpg,data\raw\healthy\473.jpg,healthy,473.jpg,4,42,stratified_image_level_fallback,5
474.jpg,data\raw\healthy\474.jpg,healthy,474.jpg,1,42,stratified_image_level_fallback,5
475.jpg,data\raw\healthy\475.jpg,healthy,475.jpg,0,42,stratified_image_level_fallback,5
476.jpg,data\raw\healthy\476.jpg,healthy,476.jpg,1,42,stratified_image_level_fallback,5
477.jpg,data\raw\healthy\477.jpg,healthy,477.jpg,1,42,stratified_image_level_fallback,5
478.jpg,data\raw\healthy\478.jpg,healthy,478.jpg,4,42,stratified_image_level_fallback,5
479.jpg,data\raw\healthy\479.jpg,healthy,479.jpg,0,42,stratified_image_level_fallback,5
48.jpg,data\raw\healthy\48.jpg,healthy,48.jpg,2,42,stratified_image_level_fallback,5
480.jpg,data\raw\healthy\480.jpg,healthy,480.jpg,3,42,stratified_image_level_fallback,5
481.jpg,data\raw\healthy\481.jpg,healthy,481.jpg,0,42,stratified_image_level_fallback,5
482.jpg,data\raw\healthy\482.jpg,healthy,482.jpg,2,42,stratified_image_level_fallback,5
483.jpg,data\raw\healthy\483.jpg,healthy,483.jpg,0,42,stratified_image_level_fallback,5
484.jpg,data\raw\healthy\484.jpg,healthy,484.jpg,1,42,stratified_image_level_fallback,5
485.jpg,data\raw\healthy\485.jpg,healthy,485.jpg,0,42,stratified_image_level_fallback,5
486.jpg,data\raw\healthy\486.jpg,healthy,486.jpg,3,42,stratified_image_level_fallback,5
487.jpg,data\raw\healthy\487.jpg,healthy,487.jpg,4,42,stratified_image_level_fallback,5
488.jpg,data\raw\healthy\488.jpg,healthy,488.jpg,4,42,stratified_image_level_fallback,5
489.jpg,data\raw\healthy\489.jpg,healthy,489.jpg,1,42,stratified_image_level_fallback,5
49.jpg,data\raw\healthy\49.jpg,healthy,49.jpg,3,42,stratified_image_level_fallback,5
490.jpg,data\raw\healthy\490.jpg,healthy,490.jpg,2,42,stratified_image_level_fallback,5
491.jpg,data\raw\healthy\491.jpg,healthy,491.jpg,4,42,stratified_image_level_fallback,5
492.jpg,data\raw\healthy\492.jpg,healthy,492.jpg,4,42,stratified_image_level_fallback,5
493.jpg,data\raw\healthy\493.jpg,healthy,493.jpg,3,42,stratified_image_level_fallback,5
494.jpg,data\raw\healthy\494.jpg,healthy,494.jpg,2,42,stratified_image_level_fallback,5
495.jpg,data\raw\healthy\495.jpg,healthy,495.jpg,1,42,stratified_image_level_fallback,5
496.jpg,data\raw\healthy\496.jpg,healthy,496.jpg,1,42,stratified_image_level_fallback,5
497.jpg,data\raw\healthy\497.jpg,healthy,497.jpg,2,42,stratified_image_level_fallback,5
498.jpg,data\raw\healthy\498.jpg,healthy,498.jpg,4,42,stratified_image_level_fallback,5
499.jpg,data\raw\healthy\499.jpg,healthy,499.jpg,2,42,stratified_image_level_fallback,5
5.jpg,data\raw\healthy\5.jpg,healthy,5.jpg,4,42,stratified_image_level_fallback,5
50.jpg,data\raw\healthy\50.jpg,healthy,50.jpg,4,42,stratified_image_level_fallback,5
500.jpg,data\raw\healthy\500.jpg,healthy,500.jpg,2,42,stratified_image_level_fallback,5
501.jpg,data\raw\healthy\501.jpg,healthy,501.jpg,3,42,stratified_image_level_fallback,5
502.jpg,data\raw\healthy\502.jpg,healthy,502.jpg,2,42,stratified_image_level_fallback,5
503.jpg,data\raw\healthy\503.jpg,healthy,503.jpg,4,42,stratified_image_level_fallback,5
504.jpg,data\raw\healthy\504.jpg,healthy,504.jpg,1,42,stratified_image_level_fallback,5
505.jpg,data\raw\healthy\505.jpg,healthy,505.jpg,1,42,stratified_image_level_fallback,5
506.jpg,data\raw\healthy\506.jpg,healthy,506.jpg,0,42,stratified_image_level_fallback,5
507.jpg,data\raw\healthy\507.jpg,healthy,507.jpg,1,42,stratified_image_level_fallback,5
508.jpg,data\raw\healthy\508.jpg,healthy,508.jpg,3,42,stratified_image_level_fallback,5
509.jpg,data\raw\healthy\509.jpg,healthy,509.jpg,1,42,stratified_image_level_fallback,5
51.jpg,data\raw\healthy\51.jpg,healthy,51.jpg,2,42,stratified_image_level_fallback,5
510.jpg,data\raw\healthy\510.jpg,healthy,510.jpg,2,42,stratified_image_level_fallback,5
511.jpg,data\raw\healthy\511.jpg,healthy,511.jpg,0,42,stratified_image_level_fallback,5
512.jpg,data\raw\healthy\512.jpg,healthy,512.jpg,0,42,stratified_image_level_fallback,5
513.jpg,data\raw\healthy\513.jpg,healthy,513.jpg,3,42,stratified_image_level_fallback,5
514.jpg,data\raw\healthy\514.jpg,healthy,514.jpg,0,42,stratified_image_level_fallback,5
515.jpg,data\raw\healthy\515.jpg,healthy,515.jpg,4,42,stratified_image_level_fallback,5
516.jpg,data\raw\healthy\516.jpg,healthy,516.jpg,3,42,stratified_image_level_fallback,5
517.jpg,data\raw\healthy\517.jpg,healthy,517.jpg,0,42,stratified_image_level_fallback,5
518.jpg,data\raw\healthy\518.jpg,healthy,518.jpg,3,42,stratified_image_level_fallback,5
519.jpg,data\raw\healthy\519.jpg,healthy,519.jpg,0,42,stratified_image_level_fallback,5
52.jpg,data\raw\healthy\52.jpg,healthy,52.jpg,1,42,stratified_image_level_fallback,5
520.jpg,data\raw\healthy\520.jpg,healthy,520.jpg,0,42,stratified_image_level_fallback,5
521.jpg,data\raw\healthy\521.jpg,healthy,521.jpg,3,42,stratified_image_level_fallback,5
522.jpg,data\raw\healthy\522.jpg,healthy,522.jpg,2,42,stratified_image_level_fallback,5
523.jpg,data\raw\healthy\523.jpg,healthy,523.jpg,3,42,stratified_image_level_fallback,5
524.jpg,data\raw\healthy\524.jpg,healthy,524.jpg,4,42,stratified_image_level_fallback,5
525.jpg,data\raw\healthy\525.jpg,healthy,525.jpg,4,42,stratified_image_level_fallback,5
527.jpg,data\raw\healthy\527.jpg,healthy,527.jpg,3,42,stratified_image_level_fallback,5
528.jpg,data\raw\healthy\528.jpg,healthy,528.jpg,0,42,stratified_image_level_fallback,5
529.jpg,data\raw\healthy\529.jpg,healthy,529.jpg,3,42,stratified_image_level_fallback,5
53.jpg,data\raw\healthy\53.jpg,healthy,53.jpg,4,42,stratified_image_level_fallback,5
530.jpg,data\raw\healthy\530.jpg,healthy,530.jpg,0,42,stratified_image_level_fallback,5
531.jpg,data\raw\healthy\531.jpg,healthy,531.jpg,3,42,stratified_image_level_fallback,5
532.jpg,data\raw\healthy\532.jpg,healthy,532.jpg,2,42,stratified_image_level_fallback,5
533.jpg,data\raw\healthy\533.jpg,healthy,533.jpg,2,42,stratified_image_level_fallback,5
534.jpg,data\raw\healthy\534.jpg,healthy,534.jpg,0,42,stratified_image_level_fallback,5
535.jpg,data\raw\healthy\535.jpg,healthy,535.jpg,2,42,stratified_image_level_fallback,5
536.jpg,data\raw\healthy\536.jpg,healthy,536.jpg,0,42,stratified_image_level_fallback,5
537.jpg,data\raw\healthy\537.jpg,healthy,537.jpg,3,42,stratified_image_level_fallback,5
54.jpg,data\raw\healthy\54.jpg,healthy,54.jpg,2,42,stratified_image_level_fallback,5
55.jpg,data\raw\healthy\55.jpg,healthy,55.jpg,1,42,stratified_image_level_fallback,5
56.jpg,data\raw\healthy\56.jpg,healthy,56.jpg,3,42,stratified_image_level_fallback,5
57.jpg,data\raw\healthy\57.jpg,healthy,57.jpg,4,42,stratified_image_level_fallback,5
58.jpg,data\raw\healthy\58.jpg,healthy,58.jpg,1,42,stratified_image_level_fallback,5
59.jpg,data\raw\healthy\59.jpg,healthy,59.jpg,2,42,stratified_image_level_fallback,5
6.jpg,data\raw\healthy\6.jpg,healthy,6.jpg,4,42,stratified_image_level_fallback,5
60.jpg,data\raw\healthy\60.jpg,healthy,60.jpg,4,42,stratified_image_level_fallback,5
61.jpg,data\raw\healthy\61.jpg,healthy,61.jpg,2,42,stratified_image_level_fallback,5
62.jpg,data\raw\healthy\62.jpg,healthy,62.jpg,2,42,stratified_image_level_fallback,5
63.jpg,data\raw\healthy\63.jpg,healthy,63.jpg,0,42,stratified_image_level_fallback,5
64.jpg,data\raw\healthy\64.jpg,healthy,64.jpg,3,42,stratified_image_level_fallback,5
65.jpg,data\raw\healthy\65.jpg,healthy,65.jpg,0,42,stratified_image_level_fallback,5
66.jpg,data\raw\healthy\66.jpg,healthy,66.jpg,4,42,stratified_image_level_fallback,5
67.jpg,data\raw\healthy\67.jpg,healthy,67.jpg,1,42,stratified_image_level_fallback,5
68.jpg,data\raw\healthy\68.jpg,healthy,68.jpg,4,42,stratified_image_level_fallback,5
69.jpg,data\raw\healthy\69.jpg,healthy,69.jpg,1,42,stratified_image_level_fallback,5
7.jpg,data\raw\healthy\7.jpg,healthy,7.jpg,4,42,stratified_image_level_fallback,5
70.jpg,data\raw\healthy\70.jpg,healthy,70.jpg,4,42,stratified_image_level_fallback,5
71.jpg,data\raw\healthy\71.jpg,healthy,71.jpg,1,42,stratified_image_level_fallback,5
72.jpg,data\raw\healthy\72.jpg,healthy,72.jpg,4,42,stratified_image_level_fallback,5
73.jpg,data\raw\healthy\73.jpg,healthy,73.jpg,4,42,stratified_image_level_fallback,5
74.jpg,data\raw\healthy\74.jpg,healthy,74.jpg,0,42,stratified_image_level_fallback,5
75.jpg,data\raw\healthy\75.jpg,healthy,75.jpg,4,42,stratified_image_level_fallback,5
76.jpg,data\raw\healthy\76.jpg,healthy,76.jpg,2,42,stratified_image_level_fallback,5
77.jpg,data\raw\healthy\77.jpg,healthy,77.jpg,0,42,stratified_image_level_fallback,5
78.jpg,data\raw\healthy\78.jpg,healthy,78.jpg,2,42,stratified_image_level_fallback,5
79.jpg,data\raw\healthy\79.jpg,healthy,79.jpg,4,42,stratified_image_level_fallback,5
8.jpg,data\raw\healthy\8.jpg,healthy,8.jpg,1,42,stratified_image_level_fallback,5
80.jpg,data\raw\healthy\80.jpg,healthy,80.jpg,2,42,stratified_image_level_fallback,5
81.jpg,data\raw\healthy\81.jpg,healthy,81.jpg,1,42,stratified_image_level_fallback,5
82 - Copy.jpg,data\raw\healthy\82 - Copy.jpg,healthy,82 - Copy.jpg,3,42,stratified_image_level_fallback,5
82.jpg,data\raw\healthy\82.jpg,healthy,82.jpg,3,42,stratified_image_level_fallback,5
83.jpg,data\raw\healthy\83.jpg,healthy,83.jpg,4,42,stratified_image_level_fallback,5
84.jpg,data\raw\healthy\84.jpg,healthy,84.jpg,3,42,stratified_image_level_fallback,5
85.jpg,data\raw\healthy\85.jpg,healthy,85.jpg,2,42,stratified_image_level_fallback,5
86.jpg,data\raw\healthy\86.jpg,healthy,86.jpg,1,42,stratified_image_level_fallback,5
87.jpg,data\raw\healthy\87.jpg,healthy,87.jpg,0,42,stratified_image_level_fallback,5
88.jpg,data\raw\healthy\88.jpg,healthy,88.jpg,3,42,stratified_image_level_fallback,5
89.jpg,data\raw\healthy\89.jpg,healthy,89.jpg,0,42,stratified_image_level_fallback,5
9.jpg,data\raw\healthy\9.jpg,healthy,9.jpg,4,42,stratified_image_level_fallback,5
90.jpg,data\raw\healthy\90.jpg,healthy,90.jpg,3,42,stratified_image_level_fallback,5
91.jpg,data\raw\healthy\91.jpg,healthy,91.jpg,1,42,stratified_image_level_fallback,5
92.jpg,data\raw\healthy\92.jpg,healthy,92.jpg,4,42,stratified_image_level_fallback,5
93.jpg,data\raw\healthy\93.jpg,healthy,93.jpg,1,42,stratified_image_level_fallback,5
94.jpg,data\raw\healthy\94.jpg,healthy,94.jpg,0,42,stratified_image_level_fallback,5
95.jpg,data\raw\healthy\95.jpg,healthy,95.jpg,0,42,stratified_image_level_fallback,5
96.jpg,data\raw\healthy\96.jpg,healthy,96.jpg,0,42,stratified_image_level_fallback,5
97.jpg,data\raw\healthy\97.jpg,healthy,97.jpg,2,42,stratified_image_level_fallback,5
98.jpg,data\raw\healthy\98.jpg,healthy,98.jpg,4,42,stratified_image_level_fallback,5
99.jpg,data\raw\healthy\99.jpg,healthy,99.jpg,0,42,stratified_image_level_fallback,5
1.jpg,data\raw\ulcer\1.jpg,ulcer,1.jpg,4,42,stratified_image_level_fallback,5
10.jpg,data\raw\ulcer\10.jpg,ulcer,10.jpg,4,42,stratified_image_level_fallback,5
100.jpg,data\raw\ulcer\100.jpg,ulcer,100.jpg,3,42,stratified_image_level_fallback,5
101.jpg,data\raw\ulcer\101.jpg,ulcer,101.jpg,4,42,stratified_image_level_fallback,5
102.jpg,data\raw\ulcer\102.jpg,ulcer,102.jpg,2,42,stratified_image_level_fallback,5
103.jpg,data\raw\ulcer\103.jpg,ulcer,103.jpg,0,42,stratified_image_level_fallback,5
104.jpg,data\raw\ulcer\104.jpg,ulcer,104.jpg,1,42,stratified_image_level_fallback,5
105.jpg,data\raw\ulcer\105.jpg,ulcer,105.jpg,0,42,stratified_image_level_fallback,5
106.jpg,data\raw\ulcer\106.jpg,ulcer,106.jpg,0,42,stratified_image_level_fallback,5
107.jpg,data\raw\ulcer\107.jpg,ulcer,107.jpg,1,42,stratified_image_level_fallback,5
108.jpg,data\raw\ulcer\108.jpg,ulcer,108.jpg,0,42,stratified_image_level_fallback,5
109.jpg,data\raw\ulcer\109.jpg,ulcer,109.jpg,3,42,stratified_image_level_fallback,5
11.jpg,data\raw\ulcer\11.jpg,ulcer,11.jpg,4,42,stratified_image_level_fallback,5
110.jpg,data\raw\ulcer\110.jpg,ulcer,110.jpg,0,42,stratified_image_level_fallback,5
111.jpg,data\raw\ulcer\111.jpg,ulcer,111.jpg,1,42,stratified_image_level_fallback,5
112.jpg,data\raw\ulcer\112.jpg,ulcer,112.jpg,1,42,stratified_image_level_fallback,5
113.jpg,data\raw\ulcer\113.jpg,ulcer,113.jpg,4,42,stratified_image_level_fallback,5
114.jpg,data\raw\ulcer\114.jpg,ulcer,114.jpg,0,42,stratified_image_level_fallback,5
115.jpg,data\raw\ulcer\115.jpg,ulcer,115.jpg,3,42,stratified_image_level_fallback,5
116.jpg,data\raw\ulcer\116.jpg,ulcer,116.jpg,4,42,stratified_image_level_fallback,5
117.jpg,data\raw\ulcer\117.jpg,ulcer,117.jpg,0,42,stratified_image_level_fallback,5
118.jpg,data\raw\ulcer\118.jpg,ulcer,118.jpg,1,42,stratified_image_level_fallback,5
119.jpg,data\raw\ulcer\119.jpg,ulcer,119.jpg,1,42,stratified_image_level_fallback,5
12.jpg,data\raw\ulcer\12.jpg,ulcer,12.jpg,3,42,stratified_image_level_fallback,5
120.jpg,data\raw\ulcer\120.jpg,ulcer,120.jpg,1,42,stratified_image_level_fallback,5
121.jpg,data\raw\ulcer\121.jpg,ulcer,121.jpg,0,42,stratified_image_level_fallback,5
122.jpg,data\raw\ulcer\122.jpg,ulcer,122.jpg,1,42,stratified_image_level_fallback,5
123.jpg,data\raw\ulcer\123.jpg,ulcer,123.jpg,3,42,stratified_image_level_fallback,5
124.jpg,data\raw\ulcer\124.jpg,ulcer,124.jpg,0,42,stratified_image_level_fallback,5
125.jpg,data\raw\ulcer\125.jpg,ulcer,125.jpg,2,42,stratified_image_level_fallback,5
126.jpg,data\raw\ulcer\126.jpg,ulcer,126.jpg,0,42,stratified_image_level_fallback,5
127.jpg,data\raw\ulcer\127.jpg,ulcer,127.jpg,2,42,stratified_image_level_fallback,5
128.jpg,data\raw\ulcer\128.jpg,ulcer,128.jpg,0,42,stratified_image_level_fallback,5
129.jpg,data\raw\ulcer\129.jpg,ulcer,129.jpg,0,42,stratified_image_level_fallback,5
13.jpg,data\raw\ulcer\13.jpg,ulcer,13.jpg,4,42,stratified_image_level_fallback,5
130.jpg,data\raw\ulcer\130.jpg,ulcer,130.jpg,4,42,stratified_image_level_fallback,5
131.jpg,data\raw\ulcer\131.jpg,ulcer,131.jpg,2,42,stratified_image_level_fallback,5
132.jpg,data\raw\ulcer\132.jpg,ulcer,132.jpg,3,42,stratified_image_level_fallback,5
133.jpg,data\raw\ulcer\133.jpg,ulcer,133.jpg,3,42,stratified_image_level_fallback,5
134.jpg,data\raw\ulcer\134.jpg,ulcer,134.jpg,4,42,stratified_image_level_fallback,5
135.jpg,data\raw\ulcer\135.jpg,ulcer,135.jpg,1,42,stratified_image_level_fallback,5
136.jpg,data\raw\ulcer\136.jpg,ulcer,136.jpg,4,42,stratified_image_level_fallback,5
137.jpg,data\raw\ulcer\137.jpg,ulcer,137.jpg,1,42,stratified_image_level_fallback,5
138.jpg,data\raw\ulcer\138.jpg,ulcer,138.jpg,1,42,stratified_image_level_fallback,5
139.jpg,data\raw\ulcer\139.jpg,ulcer,139.jpg,3,42,stratified_image_level_fallback,5
14.jpg,data\raw\ulcer\14.jpg,ulcer,14.jpg,4,42,stratified_image_level_fallback,5
140.jpg,data\raw\ulcer\140.jpg,ulcer,140.jpg,2,42,stratified_image_level_fallback,5
141.jpg,data\raw\ulcer\141.jpg,ulcer,141.jpg,1,42,stratified_image_level_fallback,5
142.jpg,data\raw\ulcer\142.jpg,ulcer,142.jpg,2,42,stratified_image_level_fallback,5
143.jpg,data\raw\ulcer\143.jpg,ulcer,143.jpg,4,42,stratified_image_level_fallback,5
144.jpg,data\raw\ulcer\144.jpg,ulcer,144.jpg,0,42,stratified_image_level_fallback,5
145.jpg,data\raw\ulcer\145.jpg,ulcer,145.jpg,4,42,stratified_image_level_fallback,5
146.jpg,data\raw\ulcer\146.jpg,ulcer,146.jpg,0,42,stratified_image_level_fallback,5
147.jpg,data\raw\ulcer\147.jpg,ulcer,147.jpg,0,42,stratified_image_level_fallback,5
148.jpg,data\raw\ulcer\148.jpg,ulcer,148.jpg,2,42,stratified_image_level_fallback,5
149.jpg,data\raw\ulcer\149.jpg,ulcer,149.jpg,1,42,stratified_image_level_fallback,5
15.jpg,data\raw\ulcer\15.jpg,ulcer,15.jpg,0,42,stratified_image_level_fallback,5
150.jpg,data\raw\ulcer\150.jpg,ulcer,150.jpg,4,42,stratified_image_level_fallback,5
151.jpg,data\raw\ulcer\151.jpg,ulcer,151.jpg,4,42,stratified_image_level_fallback,5
152.jpg,data\raw\ulcer\152.jpg,ulcer,152.jpg,4,42,stratified_image_level_fallback,5
153.jpg,data\raw\ulcer\153.jpg,ulcer,153.jpg,2,42,stratified_image_level_fallback,5
154.jpg,data\raw\ulcer\154.jpg,ulcer,154.jpg,2,42,stratified_image_level_fallback,5
155.jpg,data\raw\ulcer\155.jpg,ulcer,155.jpg,3,42,stratified_image_level_fallback,5
156.jpg,data\raw\ulcer\156.jpg,ulcer,156.jpg,4,42,stratified_image_level_fallback,5
157.jpg,data\raw\ulcer\157.jpg,ulcer,157.jpg,2,42,stratified_image_level_fallback,5
158.jpg,data\raw\ulcer\158.jpg,ulcer,158.jpg,4,42,stratified_image_level_fallback,5
159.jpg,data\raw\ulcer\159.jpg,ulcer,159.jpg,0,42,stratified_image_level_fallback,5
16.jpg,data\raw\ulcer\16.jpg,ulcer,16.jpg,2,42,stratified_image_level_fallback,5
160.jpg,data\raw\ulcer\160.jpg,ulcer,160.jpg,3,42,stratified_image_level_fallback,5
161.jpg,data\raw\ulcer\161.jpg,ulcer,161.jpg,3,42,stratified_image_level_fallback,5
162.jpg,data\raw\ulcer\162.jpg,ulcer,162.jpg,3,42,stratified_image_level_fallback,5
163.jpg,data\raw\ulcer\163.jpg,ulcer,163.jpg,0,42,stratified_image_level_fallback,5
164.jpg,data\raw\ulcer\164.jpg,ulcer,164.jpg,2,42,stratified_image_level_fallback,5
165.jpg,data\raw\ulcer\165.jpg,ulcer,165.jpg,4,42,stratified_image_level_fallback,5
166.jpg,data\raw\ulcer\166.jpg,ulcer,166.jpg,1,42,stratified_image_level_fallback,5
167.jpg,data\raw\ulcer\167.jpg,ulcer,167.jpg,0,42,stratified_image_level_fallback,5
168.jpg,data\raw\ulcer\168.jpg,ulcer,168.jpg,2,42,stratified_image_level_fallback,5
169.jpg,data\raw\ulcer\169.jpg,ulcer,169.jpg,0,42,stratified_image_level_fallback,5
17.jpg,data\raw\ulcer\17.jpg,ulcer,17.jpg,1,42,stratified_image_level_fallback,5
170.jpg,data\raw\ulcer\170.jpg,ulcer,170.jpg,0,42,stratified_image_level_fallback,5
171.jpg,data\raw\ulcer\171.jpg,ulcer,171.jpg,2,42,stratified_image_level_fallback,5
172.jpg,data\raw\ulcer\172.jpg,ulcer,172.jpg,4,42,stratified_image_level_fallback,5
173.jpg,data\raw\ulcer\173.jpg,ulcer,173.jpg,0,42,stratified_image_level_fallback,5
174.jpg,data\raw\ulcer\174.jpg,ulcer,174.jpg,4,42,stratified_image_level_fallback,5
175.jpg,data\raw\ulcer\175.jpg,ulcer,175.jpg,1,42,stratified_image_level_fallback,5
176.jpg,data\raw\ulcer\176.jpg,ulcer,176.jpg,0,42,stratified_image_level_fallback,5
177.jpg,data\raw\ulcer\177.jpg,ulcer,177.jpg,0,42,stratified_image_level_fallback,5
178.jpg,data\raw\ulcer\178.jpg,ulcer,178.jpg,2,42,stratified_image_level_fallback,5
179.jpg,data\raw\ulcer\179.jpg,ulcer,179.jpg,0,42,stratified_image_level_fallback,5
18.jpg,data\raw\ulcer\18.jpg,ulcer,18.jpg,3,42,stratified_image_level_fallback,5
180.jpg,data\raw\ulcer\180.jpg,ulcer,180.jpg,1,42,stratified_image_level_fallback,5
181.jpg,data\raw\ulcer\181.jpg,ulcer,181.jpg,0,42,stratified_image_level_fallback,5
182.jpg,data\raw\ulcer\182.jpg,ulcer,182.jpg,0,42,stratified_image_level_fallback,5
183.jpg,data\raw\ulcer\183.jpg,ulcer,183.jpg,3,42,stratified_image_level_fallback,5
184.jpg,data\raw\ulcer\184.jpg,ulcer,184.jpg,2,42,stratified_image_level_fallback,5
185.jpg,data\raw\ulcer\185.jpg,ulcer,185.jpg,4,42,stratified_image_level_fallback,5
186.jpg,data\raw\ulcer\186.jpg,ulcer,186.jpg,3,42,stratified_image_level_fallback,5
187.jpg,data\raw\ulcer\187.jpg,ulcer,187.jpg,3,42,stratified_image_level_fallback,5
188.jpg,data\raw\ulcer\188.jpg,ulcer,188.jpg,0,42,stratified_image_level_fallback,5
189.jpg,data\raw\ulcer\189.jpg,ulcer,189.jpg,2,42,stratified_image_level_fallback,5
19.jpg,data\raw\ulcer\19.jpg,ulcer,19.jpg,1,42,stratified_image_level_fallback,5
190.jpg,data\raw\ulcer\190.jpg,ulcer,190.jpg,0,42,stratified_image_level_fallback,5
191.jpg,data\raw\ulcer\191.jpg,ulcer,191.jpg,4,42,stratified_image_level_fallback,5
192.jpg,data\raw\ulcer\192.jpg,ulcer,192.jpg,0,42,stratified_image_level_fallback,5
193.jpg,data\raw\ulcer\193.jpg,ulcer,193.jpg,4,42,stratified_image_level_fallback,5
194.jpg,data\raw\ulcer\194.jpg,ulcer,194.jpg,1,42,stratified_image_level_fallback,5
195.jpg,data\raw\ulcer\195.jpg,ulcer,195.jpg,0,42,stratified_image_level_fallback,5
196.jpg,data\raw\ulcer\196.jpg,ulcer,196.jpg,0,42,stratified_image_level_fallback,5
197.jpg,data\raw\ulcer\197.jpg,ulcer,197.jpg,3,42,stratified_image_level_fallback,5
198.jpg,data\raw\ulcer\198.jpg,ulcer,198.jpg,3,42,stratified_image_level_fallback,5
2.jpg,data\raw\ulcer\2.jpg,ulcer,2.jpg,2,42,stratified_image_level_fallback,5
20.jpg,data\raw\ulcer\20.jpg,ulcer,20.jpg,4,42,stratified_image_level_fallback,5
200.jpg,data\raw\ulcer\200.jpg,ulcer,200.jpg,3,42,stratified_image_level_fallback,5
201.jpg,data\raw\ulcer\201.jpg,ulcer,201.jpg,3,42,stratified_image_level_fallback,5
202.jpg,data\raw\ulcer\202.jpg,ulcer,202.jpg,3,42,stratified_image_level_fallback,5
203.jpg,data\raw\ulcer\203.jpg,ulcer,203.jpg,4,42,stratified_image_level_fallback,5
204.jpg,data\raw\ulcer\204.jpg,ulcer,204.jpg,2,42,stratified_image_level_fallback,5
205.jpg,data\raw\ulcer\205.jpg,ulcer,205.jpg,2,42,stratified_image_level_fallback,5
206.jpg,data\raw\ulcer\206.jpg,ulcer,206.jpg,2,42,stratified_image_level_fallback,5
207.jpg,data\raw\ulcer\207.jpg,ulcer,207.jpg,2,42,stratified_image_level_fallback,5
208.jpg,data\raw\ulcer\208.jpg,ulcer,208.jpg,2,42,stratified_image_level_fallback,5
209.jpg,data\raw\ulcer\209.jpg,ulcer,209.jpg,4,42,stratified_image_level_fallback,5
21.jpg,data\raw\ulcer\21.jpg,ulcer,21.jpg,2,42,stratified_image_level_fallback,5
210.jpg,data\raw\ulcer\210.jpg,ulcer,210.jpg,4,42,stratified_image_level_fallback,5
211.jpg,data\raw\ulcer\211.jpg,ulcer,211.jpg,0,42,stratified_image_level_fallback,5
212.jpg,data\raw\ulcer\212.jpg,ulcer,212.jpg,4,42,stratified_image_level_fallback,5
213.jpg,data\raw\ulcer\213.jpg,ulcer,213.jpg,2,42,stratified_image_level_fallback,5
214.jpg,data\raw\ulcer\214.jpg,ulcer,214.jpg,4,42,stratified_image_level_fallback,5
215.jpg,data\raw\ulcer\215.jpg,ulcer,215.jpg,3,42,stratified_image_level_fallback,5
216.jpg,data\raw\ulcer\216.jpg,ulcer,216.jpg,1,42,stratified_image_level_fallback,5
217.jpg,data\raw\ulcer\217.jpg,ulcer,217.jpg,1,42,stratified_image_level_fallback,5
218.jpg,data\raw\ulcer\218.jpg,ulcer,218.jpg,1,42,stratified_image_level_fallback,5
219.jpg,data\raw\ulcer\219.jpg,ulcer,219.jpg,3,42,stratified_image_level_fallback,5
22.jpg,data\raw\ulcer\22.jpg,ulcer,22.jpg,3,42,stratified_image_level_fallback,5
220.jpg,data\raw\ulcer\220.jpg,ulcer,220.jpg,4,42,stratified_image_level_fallback,5
221.jpg,data\raw\ulcer\221.jpg,ulcer,221.jpg,2,42,stratified_image_level_fallback,5
222.jpg,data\raw\ulcer\222.jpg,ulcer,222.jpg,3,42,stratified_image_level_fallback,5
223.jpg,data\raw\ulcer\223.jpg,ulcer,223.jpg,4,42,stratified_image_level_fallback,5
224.jpg,data\raw\ulcer\224.jpg,ulcer,224.jpg,4,42,stratified_image_level_fallback,5
225.jpg,data\raw\ulcer\225.jpg,ulcer,225.jpg,4,42,stratified_image_level_fallback,5
226.jpg,data\raw\ulcer\226.jpg,ulcer,226.jpg,1,42,stratified_image_level_fallback,5
227.jpg,data\raw\ulcer\227.jpg,ulcer,227.jpg,4,42,stratified_image_level_fallback,5
228.jpg,data\raw\ulcer\228.jpg,ulcer,228.jpg,0,42,stratified_image_level_fallback,5
229.jpg,data\raw\ulcer\229.jpg,ulcer,229.jpg,3,42,stratified_image_level_fallback,5
23.jpg,data\raw\ulcer\23.jpg,ulcer,23.jpg,0,42,stratified_image_level_fallback,5
230.jpg,data\raw\ulcer\230.jpg,ulcer,230.jpg,2,42,stratified_image_level_fallback,5
231.jpg,data\raw\ulcer\231.jpg,ulcer,231.jpg,2,42,stratified_image_level_fallback,5
232.jpg,data\raw\ulcer\232.jpg,ulcer,232.jpg,3,42,stratified_image_level_fallback,5
233.jpg,data\raw\ulcer\233.jpg,ulcer,233.jpg,4,42,stratified_image_level_fallback,5
234.jpg,data\raw\ulcer\234.jpg,ulcer,234.jpg,1,42,stratified_image_level_fallback,5
235.jpg,data\raw\ulcer\235.jpg,ulcer,235.jpg,0,42,stratified_image_level_fallback,5
236.jpg,data\raw\ulcer\236.jpg,ulcer,236.jpg,2,42,stratified_image_level_fallback,5
237.jpg,data\raw\ulcer\237.jpg,ulcer,237.jpg,0,42,stratified_image_level_fallback,5
238.jpg,data\raw\ulcer\238.jpg,ulcer,238.jpg,3,42,stratified_image_level_fallback,5
239.jpg,data\raw\ulcer\239.jpg,ulcer,239.jpg,2,42,stratified_image_level_fallback,5
24.jpg,data\raw\ulcer\24.jpg,ulcer,24.jpg,3,42,stratified_image_level_fallback,5
240.jpg,data\raw\ulcer\240.jpg,ulcer,240.jpg,4,42,stratified_image_level_fallback,5
241.jpg,data\raw\ulcer\241.jpg,ulcer,241.jpg,1,42,stratified_image_level_fallback,5
242.jpg,data\raw\ulcer\242.jpg,ulcer,242.jpg,1,42,stratified_image_level_fallback,5
243.jpg,data\raw\ulcer\243.jpg,ulcer,243.jpg,2,42,stratified_image_level_fallback,5
244.jpg,data\raw\ulcer\244.jpg,ulcer,244.jpg,3,42,stratified_image_level_fallback,5
245.jpg,data\raw\ulcer\245.jpg,ulcer,245.jpg,0,42,stratified_image_level_fallback,5
246.jpg,data\raw\ulcer\246.jpg,ulcer,246.jpg,1,42,stratified_image_level_fallback,5
247.jpg,data\raw\ulcer\247.jpg,ulcer,247.jpg,1,42,stratified_image_level_fallback,5
248.jpg,data\raw\ulcer\248.jpg,ulcer,248.jpg,2,42,stratified_image_level_fallback,5
249.jpg,data\raw\ulcer\249.jpg,ulcer,249.jpg,1,42,stratified_image_level_fallback,5
25.jpg,data\raw\ulcer\25.jpg,ulcer,25.jpg,0,42,stratified_image_level_fallback,5
250.jpg,data\raw\ulcer\250.jpg,ulcer,250.jpg,2,42,stratified_image_level_fallback,5
251.jpg,data\raw\ulcer\251.jpg,ulcer,251.jpg,0,42,stratified_image_level_fallback,5
252.jpg,data\raw\ulcer\252.jpg,ulcer,252.jpg,0,42,stratified_image_level_fallback,5
253.jpg,data\raw\ulcer\253.jpg,ulcer,253.jpg,2,42,stratified_image_level_fallback,5
254.jpg,data\raw\ulcer\254.jpg,ulcer,254.jpg,0,42,stratified_image_level_fallback,5
255.jpg,data\raw\ulcer\255.jpg,ulcer,255.jpg,2,42,stratified_image_level_fallback,5
256.jpg,data\raw\ulcer\256.jpg,ulcer,256.jpg,2,42,stratified_image_level_fallback,5
257.jpg,data\raw\ulcer\257.jpg,ulcer,257.jpg,2,42,stratified_image_level_fallback,5
258.jpg,data\raw\ulcer\258.jpg,ulcer,258.jpg,3,42,stratified_image_level_fallback,5
259.jpg,data\raw\ulcer\259.jpg,ulcer,259.jpg,0,42,stratified_image_level_fallback,5
26.jpg,data\raw\ulcer\26.jpg,ulcer,26.jpg,3,42,stratified_image_level_fallback,5
260.jpg,data\raw\ulcer\260.jpg,ulcer,260.jpg,4,42,stratified_image_level_fallback,5
261.jpg,data\raw\ulcer\261.jpg,ulcer,261.jpg,0,42,stratified_image_level_fallback,5
262.jpg,data\raw\ulcer\262.jpg,ulcer,262.jpg,2,42,stratified_image_level_fallback,5
263.jpg,data\raw\ulcer\263.jpg,ulcer,263.jpg,2,42,stratified_image_level_fallback,5
264.jpg,data\raw\ulcer\264.jpg,ulcer,264.jpg,4,42,stratified_image_level_fallback,5
265.jpg,data\raw\ulcer\265.jpg,ulcer,265.jpg,0,42,stratified_image_level_fallback,5
266.jpg,data\raw\ulcer\266.jpg,ulcer,266.jpg,1,42,stratified_image_level_fallback,5
267.jpg,data\raw\ulcer\267.jpg,ulcer,267.jpg,0,42,stratified_image_level_fallback,5
268.jpg,data\raw\ulcer\268.jpg,ulcer,268.jpg,1,42,stratified_image_level_fallback,5
269.jpg,data\raw\ulcer\269.jpg,ulcer,269.jpg,3,42,stratified_image_level_fallback,5
27.jpg,data\raw\ulcer\27.jpg,ulcer,27.jpg,0,42,stratified_image_level_fallback,5
270.jpg,data\raw\ulcer\270.jpg,ulcer,270.jpg,0,42,stratified_image_level_fallback,5
271.jpg,data\raw\ulcer\271.jpg,ulcer,271.jpg,3,42,stratified_image_level_fallback,5
272.jpg,data\raw\ulcer\272.jpg,ulcer,272.jpg,0,42,stratified_image_level_fallback,5
273.jpg,data\raw\ulcer\273.jpg,ulcer,273.jpg,2,42,stratified_image_level_fallback,5
274.jpg,data\raw\ulcer\274.jpg,ulcer,274.jpg,2,42,stratified_image_level_fallback,5
275.jpg,data\raw\ulcer\275.jpg,ulcer,275.jpg,0,42,stratified_image_level_fallback,5
276.jpg,data\raw\ulcer\276.jpg,ulcer,276.jpg,4,42,stratified_image_level_fallback,5
277.jpg,data\raw\ulcer\277.jpg,ulcer,277.jpg,1,42,stratified_image_level_fallback,5
278.jpg,data\raw\ulcer\278.jpg,ulcer,278.jpg,3,42,stratified_image_level_fallback,5
279.jpg,data\raw\ulcer\279.jpg,ulcer,279.jpg,2,42,stratified_image_level_fallback,5
28.jpg,data\raw\ulcer\28.jpg,ulcer,28.jpg,0,42,stratified_image_level_fallback,5
280.jpg,data\raw\ulcer\280.jpg,ulcer,280.jpg,2,42,stratified_image_level_fallback,5
281.jpg,data\raw\ulcer\281.jpg,ulcer,281.jpg,4,42,stratified_image_level_fallback,5
282.jpg,data\raw\ulcer\282.jpg,ulcer,282.jpg,3,42,stratified_image_level_fallback,5
283.jpg,data\raw\ulcer\283.jpg,ulcer,283.jpg,0,42,stratified_image_level_fallback,5
284.jpg,data\raw\ulcer\284.jpg,ulcer,284.jpg,0,42,stratified_image_level_fallback,5
285.jpg,data\raw\ulcer\285.jpg,ulcer,285.jpg,1,42,stratified_image_level_fallback,5
286.jpg,data\raw\ulcer\286.jpg,ulcer,286.jpg,4,42,stratified_image_level_fallback,5
287.jpg,data\raw\ulcer\287.jpg,ulcer,287.jpg,0,42,stratified_image_level_fallback,5
288.jpg,data\raw\ulcer\288.jpg,ulcer,288.jpg,0,42,stratified_image_level_fallback,5
289.jpg,data\raw\ulcer\289.jpg,ulcer,289.jpg,1,42,stratified_image_level_fallback,5
29.jpg,data\raw\ulcer\29.jpg,ulcer,29.jpg,4,42,stratified_image_level_fallback,5
290.jpg,data\raw\ulcer\290.jpg,ulcer,290.jpg,1,42,stratified_image_level_fallback,5
291.jpg,data\raw\ulcer\291.jpg,ulcer,291.jpg,1,42,stratified_image_level_fallback,5
292.jpg,data\raw\ulcer\292.jpg,ulcer,292.jpg,3,42,stratified_image_level_fallback,5
293.jpg,data\raw\ulcer\293.jpg,ulcer,293.jpg,1,42,stratified_image_level_fallback,5
294.jpg,data\raw\ulcer\294.jpg,ulcer,294.jpg,1,42,stratified_image_level_fallback,5
295.jpg,data\raw\ulcer\295.jpg,ulcer,295.jpg,3,42,stratified_image_level_fallback,5
296.jpg,data\raw\ulcer\296.jpg,ulcer,296.jpg,2,42,stratified_image_level_fallback,5
297.jpg,data\raw\ulcer\297.jpg,ulcer,297.jpg,1,42,stratified_image_level_fallback,5
298.jpg,data\raw\ulcer\298.jpg,ulcer,298.jpg,1,42,stratified_image_level_fallback,5
299.jpg,data\raw\ulcer\299.jpg,ulcer,299.jpg,3,42,stratified_image_level_fallback,5
3.jpg,data\raw\ulcer\3.jpg,ulcer,3.jpg,3,42,stratified_image_level_fallback,5
30.jpg,data\raw\ulcer\30.jpg,ulcer,30.jpg,2,42,stratified_image_level_fallback,5
300.jpg,data\raw\ulcer\300.jpg,ulcer,300.jpg,3,42,stratified_image_level_fallback,5
301.jpg,data\raw\ulcer\301.jpg,ulcer,301.jpg,3,42,stratified_image_level_fallback,5
302.jpg,data\raw\ulcer\302.jpg,ulcer,302.jpg,4,42,stratified_image_level_fallback,5
303.jpg,data\raw\ulcer\303.jpg,ulcer,303.jpg,1,42,stratified_image_level_fallback,5
304.jpg,data\raw\ulcer\304.jpg,ulcer,304.jpg,3,42,stratified_image_level_fallback,5
305.jpg,data\raw\ulcer\305.jpg,ulcer,305.jpg,0,42,stratified_image_level_fallback,5
306.jpg,data\raw\ulcer\306.jpg,ulcer,306.jpg,3,42,stratified_image_level_fallback,5
307.jpg,data\raw\ulcer\307.jpg,ulcer,307.jpg,2,42,stratified_image_level_fallback,5
308.jpg,data\raw\ulcer\308.jpg,ulcer,308.jpg,1,42,stratified_image_level_fallback,5
309.jpg,data\raw\ulcer\309.jpg,ulcer,309.jpg,1,42,stratified_image_level_fallback,5
31.jpg,data\raw\ulcer\31.jpg,ulcer,31.jpg,2,42,stratified_image_level_fallback,5
310.jpg,data\raw\ulcer\310.jpg,ulcer,310.jpg,4,42,stratified_image_level_fallback,5
311.jpg,data\raw\ulcer\311.jpg,ulcer,311.jpg,2,42,stratified_image_level_fallback,5
312.jpg,data\raw\ulcer\312.jpg,ulcer,312.jpg,1,42,stratified_image_level_fallback,5
313.jpg,data\raw\ulcer\313.jpg,ulcer,313.jpg,0,42,stratified_image_level_fallback,5
314.jpg,data\raw\ulcer\314.jpg,ulcer,314.jpg,2,42,stratified_image_level_fallback,5
315.jpg,data\raw\ulcer\315.jpg,ulcer,315.jpg,0,42,stratified_image_level_fallback,5
316.jpg,data\raw\ulcer\316.jpg,ulcer,316.jpg,4,42,stratified_image_level_fallback,5
317.jpg,data\raw\ulcer\317.jpg,ulcer,317.jpg,2,42,stratified_image_level_fallback,5
318.jpg,data\raw\ulcer\318.jpg,ulcer,318.jpg,0,42,stratified_image_level_fallback,5
319.jpg,data\raw\ulcer\319.jpg,ulcer,319.jpg,0,42,stratified_image_level_fallback,5
32.jpg,data\raw\ulcer\32.jpg,ulcer,32.jpg,1,42,stratified_image_level_fallback,5
320.jpg,data\raw\ulcer\320.jpg,ulcer,320.jpg,1,42,stratified_image_level_fallback,5
321.jpg,data\raw\ulcer\321.jpg,ulcer,321.jpg,2,42,stratified_image_level_fallback,5
322.jpg,data\raw\ulcer\322.jpg,ulcer,322.jpg,3,42,stratified_image_level_fallback,5
323.jpg,data\raw\ulcer\323.jpg,ulcer,323.jpg,4,42,stratified_image_level_fallback,5
324.jpg,data\raw\ulcer\324.jpg,ulcer,324.jpg,1,42,stratified_image_level_fallback,5
325.jpg,data\raw\ulcer\325.jpg,ulcer,325.jpg,3,42,stratified_image_level_fallback,5
326.jpg,data\raw\ulcer\326.jpg,ulcer,326.jpg,3,42,stratified_image_level_fallback,5
327.jpg,data\raw\ulcer\327.jpg,ulcer,327.jpg,4,42,stratified_image_level_fallback,5
328.jpg,data\raw\ulcer\328.jpg,ulcer,328.jpg,2,42,stratified_image_level_fallback,5
329.jpg,data\raw\ulcer\329.jpg,ulcer,329.jpg,4,42,stratified_image_level_fallback,5
33.jpg,data\raw\ulcer\33.jpg,ulcer,33.jpg,4,42,stratified_image_level_fallback,5
330.jpg,data\raw\ulcer\330.jpg,ulcer,330.jpg,4,42,stratified_image_level_fallback,5
331.jpg,data\raw\ulcer\331.jpg,ulcer,331.jpg,0,42,stratified_image_level_fallback,5
332.jpg,data\raw\ulcer\332.jpg,ulcer,332.jpg,1,42,stratified_image_level_fallback,5
333.jpg,data\raw\ulcer\333.jpg,ulcer,333.jpg,2,42,stratified_image_level_fallback,5
334.jpg,data\raw\ulcer\334.jpg,ulcer,334.jpg,4,42,stratified_image_level_fallback,5
335.jpg,data\raw\ulcer\335.jpg,ulcer,335.jpg,0,42,stratified_image_level_fallback,5
336.jpg,data\raw\ulcer\336.jpg,ulcer,336.jpg,1,42,stratified_image_level_fallback,5
337.jpg,data\raw\ulcer\337.jpg,ulcer,337.jpg,3,42,stratified_image_level_fallback,5
338.jpg,data\raw\ulcer\338.jpg,ulcer,338.jpg,3,42,stratified_image_level_fallback,5
339.jpg,data\raw\ulcer\339.jpg,ulcer,339.jpg,2,42,stratified_image_level_fallback,5
34.jpg,data\raw\ulcer\34.jpg,ulcer,34.jpg,3,42,stratified_image_level_fallback,5
340.jpg,data\raw\ulcer\340.jpg,ulcer,340.jpg,1,42,stratified_image_level_fallback,5
341.jpg,data\raw\ulcer\341.jpg,ulcer,341.jpg,2,42,stratified_image_level_fallback,5
342.jpg,data\raw\ulcer\342.jpg,ulcer,342.jpg,3,42,stratified_image_level_fallback,5
343.jpg,data\raw\ulcer\343.jpg,ulcer,343.jpg,0,42,stratified_image_level_fallback,5
344.jpg,data\raw\ulcer\344.jpg,ulcer,344.jpg,4,42,stratified_image_level_fallback,5
345.jpg,data\raw\ulcer\345.jpg,ulcer,345.jpg,1,42,stratified_image_level_fallback,5
346.jpg,data\raw\ulcer\346.jpg,ulcer,346.jpg,2,42,stratified_image_level_fallback,5
347.jpg,data\raw\ulcer\347.jpg,ulcer,347.jpg,1,42,stratified_image_level_fallback,5
348.jpg,data\raw\ulcer\348.jpg,ulcer,348.jpg,4,42,stratified_image_level_fallback,5
349.jpg,data\raw\ulcer\349.jpg,ulcer,349.jpg,1,42,stratified_image_level_fallback,5
35.jpg,data\raw\ulcer\35.jpg,ulcer,35.jpg,3,42,stratified_image_level_fallback,5
350.jpg,data\raw\ulcer\350.jpg,ulcer,350.jpg,2,42,stratified_image_level_fallback,5
351.jpg,data\raw\ulcer\351.jpg,ulcer,351.jpg,1,42,stratified_image_level_fallback,5
352.jpg,data\raw\ulcer\352.jpg,ulcer,352.jpg,3,42,stratified_image_level_fallback,5
353.jpg,data\raw\ulcer\353.jpg,ulcer,353.jpg,0,42,stratified_image_level_fallback,5
354.jpg,data\raw\ulcer\354.jpg,ulcer,354.jpg,1,42,stratified_image_level_fallback,5
355.jpg,data\raw\ulcer\355.jpg,ulcer,355.jpg,2,42,stratified_image_level_fallback,5
356.jpg,data\raw\ulcer\356.jpg,ulcer,356.jpg,4,42,stratified_image_level_fallback,5
357.jpg,data\raw\ulcer\357.jpg,ulcer,357.jpg,0,42,stratified_image_level_fallback,5
358.jpg,data\raw\ulcer\358.jpg,ulcer,358.jpg,4,42,stratified_image_level_fallback,5
359.jpg,data\raw\ulcer\359.jpg,ulcer,359.jpg,2,42,stratified_image_level_fallback,5
36.jpg,data\raw\ulcer\36.jpg,ulcer,36.jpg,3,42,stratified_image_level_fallback,5
360.jpg,data\raw\ulcer\360.jpg,ulcer,360.jpg,1,42,stratified_image_level_fallback,5
361.jpg,data\raw\ulcer\361.jpg,ulcer,361.jpg,1,42,stratified_image_level_fallback,5
362.jpg,data\raw\ulcer\362.jpg,ulcer,362.jpg,1,42,stratified_image_level_fallback,5
363.jpg,data\raw\ulcer\363.jpg,ulcer,363.jpg,2,42,stratified_image_level_fallback,5
364.jpg,data\raw\ulcer\364.jpg,ulcer,364.jpg,3,42,stratified_image_level_fallback,5
365.jpg,data\raw\ulcer\365.jpg,ulcer,365.jpg,3,42,stratified_image_level_fallback,5
366.jpg,data\raw\ulcer\366.jpg,ulcer,366.jpg,3,42,stratified_image_level_fallback,5
367.jpg,data\raw\ulcer\367.jpg,ulcer,367.jpg,3,42,stratified_image_level_fallback,5
368.jpg,data\raw\ulcer\368.jpg,ulcer,368.jpg,4,42,stratified_image_level_fallback,5
369.jpg,data\raw\ulcer\369.jpg,ulcer,369.jpg,3,42,stratified_image_level_fallback,5
37.jpg,data\raw\ulcer\37.jpg,ulcer,37.jpg,1,42,stratified_image_level_fallback,5
370.jpg,data\raw\ulcer\370.jpg,ulcer,370.jpg,3,42,stratified_image_level_fallback,5
371.jpg,data\raw\ulcer\371.jpg,ulcer,371.jpg,2,42,stratified_image_level_fallback,5
372.jpg,data\raw\ulcer\372.jpg,ulcer,372.jpg,4,42,stratified_image_level_fallback,5
373.jpg,data\raw\ulcer\373.jpg,ulcer,373.jpg,2,42,stratified_image_level_fallback,5
374.jpg,data\raw\ulcer\374.jpg,ulcer,374.jpg,1,42,stratified_image_level_fallback,5
375.jpg,data\raw\ulcer\375.jpg,ulcer,375.jpg,4,42,stratified_image_level_fallback,5
376.jpg,data\raw\ulcer\376.jpg,ulcer,376.jpg,4,42,stratified_image_level_fallback,5
377.jpg,data\raw\ulcer\377.jpg,ulcer,377.jpg,4,42,stratified_image_level_fallback,5
378.jpg,data\raw\ulcer\378.jpg,ulcer,378.jpg,4,42,stratified_image_level_fallback,5
379.jpg,data\raw\ulcer\379.jpg,ulcer,379.jpg,3,42,stratified_image_level_fallback,5
38.jpg,data\raw\ulcer\38.jpg,ulcer,38.jpg,2,42,stratified_image_level_fallback,5
380.jpg,data\raw\ulcer\380.jpg,ulcer,380.jpg,3,42,stratified_image_level_fallback,5
381.jpg,data\raw\ulcer\381.jpg,ulcer,381.jpg,3,42,stratified_image_level_fallback,5
382.jpg,data\raw\ulcer\382.jpg,ulcer,382.jpg,2,42,stratified_image_level_fallback,5
383.jpg,data\raw\ulcer\383.jpg,ulcer,383.jpg,3,42,stratified_image_level_fallback,5
384.jpg,data\raw\ulcer\384.jpg,ulcer,384.jpg,3,42,stratified_image_level_fallback,5
385.jpg,data\raw\ulcer\385.jpg,ulcer,385.jpg,3,42,stratified_image_level_fallback,5
386.jpg,data\raw\ulcer\386.jpg,ulcer,386.jpg,1,42,stratified_image_level_fallback,5
387.jpg,data\raw\ulcer\387.jpg,ulcer,387.jpg,1,42,stratified_image_level_fallback,5
388.jpg,data\raw\ulcer\388.jpg,ulcer,388.jpg,1,42,stratified_image_level_fallback,5
389.jpg,data\raw\ulcer\389.jpg,ulcer,389.jpg,3,42,stratified_image_level_fallback,5
39.jpg,data\raw\ulcer\39.jpg,ulcer,39.jpg,3,42,stratified_image_level_fallback,5
390.jpg,data\raw\ulcer\390.jpg,ulcer,390.jpg,3,42,stratified_image_level_fallback,5
391.jpg,data\raw\ulcer\391.jpg,ulcer,391.jpg,2,42,stratified_image_level_fallback,5
392.jpg,data\raw\ulcer\392.jpg,ulcer,392.jpg,1,42,stratified_image_level_fallback,5
393.jpg,data\raw\ulcer\393.jpg,ulcer,393.jpg,4,42,stratified_image_level_fallback,5
394.jpg,data\raw\ulcer\394.jpg,ulcer,394.jpg,2,42,stratified_image_level_fallback,5
395.jpg,data\raw\ulcer\395.jpg,ulcer,395.jpg,4,42,stratified_image_level_fallback,5
396.jpg,data\raw\ulcer\396.jpg,ulcer,396.jpg,3,42,stratified_image_level_fallback,5
397.jpg,data\raw\ulcer\397.jpg,ulcer,397.jpg,1,42,stratified_image_level_fallback,5
398.jpg,data\raw\ulcer\398.jpg,ulcer,398.jpg,2,42,stratified_image_level_fallback,5
399.jpg,data\raw\ulcer\399.jpg,ulcer,399.jpg,1,42,stratified_image_level_fallback,5
4.jpg,data\raw\ulcer\4.jpg,ulcer,4.jpg,1,42,stratified_image_level_fallback,5
40.jpg,data\raw\ulcer\40.jpg,ulcer,40.jpg,2,42,stratified_image_level_fallback,5
400.jpg,data\raw\ulcer\400.jpg,ulcer,400.jpg,2,42,stratified_image_level_fallback,5
401.jpg,data\raw\ulcer\401.jpg,ulcer,401.jpg,1,42,stratified_image_level_fallback,5
402.jpg,data\raw\ulcer\402.jpg,ulcer,402.jpg,1,42,stratified_image_level_fallback,5
403.jpg,data\raw\ulcer\403.jpg,ulcer,403.jpg,4,42,stratified_image_level_fallback,5
404.jpg,data\raw\ulcer\404.jpg,ulcer,404.jpg,2,42,stratified_image_level_fallback,5
405.jpg,data\raw\ulcer\405.jpg,ulcer,405.jpg,4,42,stratified_image_level_fallback,5
406.jpg,data\raw\ulcer\406.jpg,ulcer,406.jpg,3,42,stratified_image_level_fallback,5
407.jpg,data\raw\ulcer\407.jpg,ulcer,407.jpg,3,42,stratified_image_level_fallback,5
408.jpg,data\raw\ulcer\408.jpg,ulcer,408.jpg,1,42,stratified_image_level_fallback,5
409.jpg,data\raw\ulcer\409.jpg,ulcer,409.jpg,4,42,stratified_image_level_fallback,5
41.jpg,data\raw\ulcer\41.jpg,ulcer,41.jpg,2,42,stratified_image_level_fallback,5
410.jpg,data\raw\ulcer\410.jpg,ulcer,410.jpg,4,42,stratified_image_level_fallback,5
411.jpg,data\raw\ulcer\411.jpg,ulcer,411.jpg,4,42,stratified_image_level_fallback,5
412.jpg,data\raw\ulcer\412.jpg,ulcer,412.jpg,0,42,stratified_image_level_fallback,5
413.jpg,data\raw\ulcer\413.jpg,ulcer,413.jpg,3,42,stratified_image_level_fallback,5
414.jpg,data\raw\ulcer\414.jpg,ulcer,414.jpg,4,42,stratified_image_level_fallback,5
415.jpg,data\raw\ulcer\415.jpg,ulcer,415.jpg,1,42,stratified_image_level_fallback,5
416.jpg,data\raw\ulcer\416.jpg,ulcer,416.jpg,3,42,stratified_image_level_fallback,5
417.jpg,data\raw\ulcer\417.jpg,ulcer,417.jpg,0,42,stratified_image_level_fallback,5
418.jpg,data\raw\ulcer\418.jpg,ulcer,418.jpg,1,42,stratified_image_level_fallback,5
419.jpg,data\raw\ulcer\419.jpg,ulcer,419.jpg,0,42,stratified_image_level_fallback,5
42.jpg,data\raw\ulcer\42.jpg,ulcer,42.jpg,2,42,stratified_image_level_fallback,5
420.jpg,data\raw\ulcer\420.jpg,ulcer,420.jpg,0,42,stratified_image_level_fallback,5
421.jpg,data\raw\ulcer\421.jpg,ulcer,421.jpg,2,42,stratified_image_level_fallback,5
422.jpg,data\raw\ulcer\422.jpg,ulcer,422.jpg,1,42,stratified_image_level_fallback,5
423.jpg,data\raw\ulcer\423.jpg,ulcer,423.jpg,3,42,stratified_image_level_fallback,5
424.jpg,data\raw\ulcer\424.jpg,ulcer,424.jpg,2,42,stratified_image_level_fallback,5
425.jpg,data\raw\ulcer\425.jpg,ulcer,425.jpg,1,42,stratified_image_level_fallback,5
426.jpg,data\raw\ulcer\426.jpg,ulcer,426.jpg,0,42,stratified_image_level_fallback,5
427.jpg,data\raw\ulcer\427.jpg,ulcer,427.jpg,0,42,stratified_image_level_fallback,5
428.jpg,data\raw\ulcer\428.jpg,ulcer,428.jpg,0,42,stratified_image_level_fallback,5
429.jpg,data\raw\ulcer\429.jpg,ulcer,429.jpg,1,42,stratified_image_level_fallback,5
43.jpg,data\raw\ulcer\43.jpg,ulcer,43.jpg,1,42,stratified_image_level_fallback,5
430.jpg,data\raw\ulcer\430.jpg,ulcer,430.jpg,4,42,stratified_image_level_fallback,5
431.jpg,data\raw\ulcer\431.jpg,ulcer,431.jpg,3,42,stratified_image_level_fallback,5
432.jpg,data\raw\ulcer\432.jpg,ulcer,432.jpg,2,42,stratified_image_level_fallback,5
433.jpg,data\raw\ulcer\433.jpg,ulcer,433.jpg,0,42,stratified_image_level_fallback,5
434.jpg,data\raw\ulcer\434.jpg,ulcer,434.jpg,0,42,stratified_image_level_fallback,5
435.jpg,data\raw\ulcer\435.jpg,ulcer,435.jpg,2,42,stratified_image_level_fallback,5
436.jpg,data\raw\ulcer\436.jpg,ulcer,436.jpg,3,42,stratified_image_level_fallback,5
437.jpg,data\raw\ulcer\437.jpg,ulcer,437.jpg,3,42,stratified_image_level_fallback,5
438.jpg,data\raw\ulcer\438.jpg,ulcer,438.jpg,3,42,stratified_image_level_fallback,5
439.jpg,data\raw\ulcer\439.jpg,ulcer,439.jpg,1,42,stratified_image_level_fallback,5
44.jpg,data\raw\ulcer\44.jpg,ulcer,44.jpg,4,42,stratified_image_level_fallback,5
440.jpg,data\raw\ulcer\440.jpg,ulcer,440.jpg,0,42,stratified_image_level_fallback,5
441.jpg,data\raw\ulcer\441.jpg,ulcer,441.jpg,4,42,stratified_image_level_fallback,5
442.jpg,data\raw\ulcer\442.jpg,ulcer,442.jpg,3,42,stratified_image_level_fallback,5
443.jpg,data\raw\ulcer\443.jpg,ulcer,443.jpg,1,42,stratified_image_level_fallback,5
444.jpg,data\raw\ulcer\444.jpg,ulcer,444.jpg,2,42,stratified_image_level_fallback,5
445.jpg,data\raw\ulcer\445.jpg,ulcer,445.jpg,3,42,stratified_image_level_fallback,5
446.jpg,data\raw\ulcer\446.jpg,ulcer,446.jpg,2,42,stratified_image_level_fallback,5
447.jpg,data\raw\ulcer\447.jpg,ulcer,447.jpg,4,42,stratified_image_level_fallback,5
448.jpg,data\raw\ulcer\448.jpg,ulcer,448.jpg,0,42,stratified_image_level_fallback,5
449.jpg,data\raw\ulcer\449.jpg,ulcer,449.jpg,2,42,stratified_image_level_fallback,5
45.jpg,data\raw\ulcer\45.jpg,ulcer,45.jpg,4,42,stratified_image_level_fallback,5
450.jpg,data\raw\ulcer\450.jpg,ulcer,450.jpg,0,42,stratified_image_level_fallback,5
451.jpg,data\raw\ulcer\451.jpg,ulcer,451.jpg,2,42,stratified_image_level_fallback,5
452.jpg,data\raw\ulcer\452.jpg,ulcer,452.jpg,4,42,stratified_image_level_fallback,5
453.jpg,data\raw\ulcer\453.jpg,ulcer,453.jpg,1,42,stratified_image_level_fallback,5
454.jpg,data\raw\ulcer\454.jpg,ulcer,454.jpg,4,42,stratified_image_level_fallback,5
455.jpg,data\raw\ulcer\455.jpg,ulcer,455.jpg,0,42,stratified_image_level_fallback,5
456.jpg,data\raw\ulcer\456.jpg,ulcer,456.jpg,1,42,stratified_image_level_fallback,5
457.jpg,data\raw\ulcer\457.jpg,ulcer,457.jpg,0,42,stratified_image_level_fallback,5
458.jpg,data\raw\ulcer\458.jpg,ulcer,458.jpg,2,42,stratified_image_level_fallback,5
459.jpg,data\raw\ulcer\459.jpg,ulcer,459.jpg,1,42,stratified_image_level_fallback,5
46.jpg,data\raw\ulcer\46.jpg,ulcer,46.jpg,0,42,stratified_image_level_fallback,5
460.jpg,data\raw\ulcer\460.jpg,ulcer,460.jpg,0,42,stratified_image_level_fallback,5
461.jpg,data\raw\ulcer\461.jpg,ulcer,461.jpg,0,42,stratified_image_level_fallback,5
462.jpg,data\raw\ulcer\462.jpg,ulcer,462.jpg,2,42,stratified_image_level_fallback,5
463.jpg,data\raw\ulcer\463.jpg,ulcer,463.jpg,3,42,stratified_image_level_fallback,5
464.jpg,data\raw\ulcer\464.jpg,ulcer,464.jpg,1,42,stratified_image_level_fallback,5
465.jpg,data\raw\ulcer\465.jpg,ulcer,465.jpg,4,42,stratified_image_level_fallback,5
466.jpg,data\raw\ulcer\466.jpg,ulcer,466.jpg,0,42,stratified_image_level_fallback,5
467.jpg,data\raw\ulcer\467.jpg,ulcer,467.jpg,3,42,stratified_image_level_fallback,5
468.jpg,data\raw\ulcer\468.jpg,ulcer,468.jpg,2,42,stratified_image_level_fallback,5
469.jpg,data\raw\ulcer\469.jpg,ulcer,469.jpg,2,42,stratified_image_level_fallback,5
47.jpg,data\raw\ulcer\47.jpg,ulcer,47.jpg,3,42,stratified_image_level_fallback,5
470.jpg,data\raw\ulcer\470.jpg,ulcer,470.jpg,3,42,stratified_image_level_fallback,5
471.jpg,data\raw\ulcer\471.jpg,ulcer,471.jpg,1,42,stratified_image_level_fallback,5
472.jpg,data\raw\ulcer\472.jpg,ulcer,472.jpg,3,42,stratified_image_level_fallback,5
473.jpg,data\raw\ulcer\473.jpg,ulcer,473.jpg,4,42,stratified_image_level_fallback,5
474.jpg,data\raw\ulcer\474.jpg,ulcer,474.jpg,1,42,stratified_image_level_fallback,5
475.jpg,data\raw\ulcer\475.jpg,ulcer,475.jpg,0,42,stratified_image_level_fallback,5
476.jpg,data\raw\ulcer\476.jpg,ulcer,476.jpg,1,42,stratified_image_level_fallback,5
477.jpg,data\raw\ulcer\477.jpg,ulcer,477.jpg,1,42,stratified_image_level_fallback,5
478.jpg,data\raw\ulcer\478.jpg,ulcer,478.jpg,4,42,stratified_image_level_fallback,5
479.jpg,data\raw\ulcer\479.jpg,ulcer,479.jpg,0,42,stratified_image_level_fallback,5
48.jpg,data\raw\ulcer\48.jpg,ulcer,48.jpg,2,42,stratified_image_level_fallback,5
480.jpg,data\raw\ulcer\480.jpg,ulcer,480.jpg,3,42,stratified_image_level_fallback,5
481.jpg,data\raw\ulcer\481.jpg,ulcer,481.jpg,0,42,stratified_image_level_fallback,5
482.jpg,data\raw\ulcer\482.jpg,ulcer,482.jpg,2,42,stratified_image_level_fallback,5
483.jpg,data\raw\ulcer\483.jpg,ulcer,483.jpg,0,42,stratified_image_level_fallback,5
484.jpg,data\raw\ulcer\484.jpg,ulcer,484.jpg,1,42,stratified_image_level_fallback,5
485.jpg,data\raw\ulcer\485.jpg,ulcer,485.jpg,0,42,stratified_image_level_fallback,5
486.jpg,data\raw\ulcer\486.jpg,ulcer,486.jpg,3,42,stratified_image_level_fallback,5
487.jpg,data\raw\ulcer\487.jpg,ulcer,487.jpg,4,42,stratified_image_level_fallback,5
488.jpg,data\raw\ulcer\488.jpg,ulcer,488.jpg,4,42,stratified_image_level_fallback,5
489.jpg,data\raw\ulcer\489.jpg,ulcer,489.jpg,1,42,stratified_image_level_fallback,5
49.jpg,data\raw\ulcer\49.jpg,ulcer,49.jpg,3,42,stratified_image_level_fallback,5
490.jpg,data\raw\ulcer\490.jpg,ulcer,490.jpg,2,42,stratified_image_level_fallback,5
491.jpg,data\raw\ulcer\491.jpg,ulcer,491.jpg,4,42,stratified_image_level_fallback,5
492.jpg,data\raw\ulcer\492.jpg,ulcer,492.jpg,4,42,stratified_image_level_fallback,5
493.jpg,data\raw\ulcer\493.jpg,ulcer,493.jpg,3,42,stratified_image_level_fallback,5
494.jpg,data\raw\ulcer\494.jpg,ulcer,494.jpg,2,42,stratified_image_level_fallback,5
495.jpg,data\raw\ulcer\495.jpg,ulcer,495.jpg,1,42,stratified_image_level_fallback,5
496.jpg,data\raw\ulcer\496.jpg,ulcer,496.jpg,1,42,stratified_image_level_fallback,5
497.jpg,data\raw\ulcer\497.jpg,ulcer,497.jpg,2,42,stratified_image_level_fallback,5
498.jpg,data\raw\ulcer\498.jpg,ulcer,498.jpg,4,42,stratified_image_level_fallback,5
499.jpg,data\raw\ulcer\499.jpg,ulcer,499.jpg,2,42,stratified_image_level_fallback,5
5.jpg,data\raw\ulcer\5.jpg,ulcer,5.jpg,4,42,stratified_image_level_fallback,5
50.jpg,data\raw\ulcer\50.jpg,ulcer,50.jpg,4,42,stratified_image_level_fallback,5
500.jpg,data\raw\ulcer\500.jpg,ulcer,500.jpg,2,42,stratified_image_level_fallback,5
501.jpg,data\raw\ulcer\501.jpg,ulcer,501.jpg,3,42,stratified_image_level_fallback,5
502.jpg,data\raw\ulcer\502.jpg,ulcer,502.jpg,2,42,stratified_image_level_fallback,5
503.jpg,data\raw\ulcer\503.jpg,ulcer,503.jpg,4,42,stratified_image_level_fallback,5
504.jpg,data\raw\ulcer\504.jpg,ulcer,504.jpg,1,42,stratified_image_level_fallback,5
505.jpg,data\raw\ulcer\505.jpg,ulcer,505.jpg,1,42,stratified_image_level_fallback,5
506.jpg,data\raw\ulcer\506.jpg,ulcer,506.jpg,0,42,stratified_image_level_fallback,5
507.jpg,data\raw\ulcer\507.jpg,ulcer,507.jpg,1,42,stratified_image_level_fallback,5
508.jpg,data\raw\ulcer\508.jpg,ulcer,508.jpg,3,42,stratified_image_level_fallback,5
509.jpg,data\raw\ulcer\509.jpg,ulcer,509.jpg,1,42,stratified_image_level_fallback,5
51.jpg,data\raw\ulcer\51.jpg,ulcer,51.jpg,2,42,stratified_image_level_fallback,5
510.jpg,data\raw\ulcer\510.jpg,ulcer,510.jpg,2,42,stratified_image_level_fallback,5
511.jpg,data\raw\ulcer\511.jpg,ulcer,511.jpg,0,42,stratified_image_level_fallback,5
512.jpg,data\raw\ulcer\512.jpg,ulcer,512.jpg,0,42,stratified_image_level_fallback,5
513.jpg,data\raw\ulcer\513.jpg,ulcer,513.jpg,3,42,stratified_image_level_fallback,5
52.jpg,data\raw\ulcer\52.jpg,ulcer,52.jpg,1,42,stratified_image_level_fallback,5
53.jpg,data\raw\ulcer\53.jpg,ulcer,53.jpg,4,42,stratified_image_level_fallback,5
54.jpg,data\raw\ulcer\54.jpg,ulcer,54.jpg,2,42,stratified_image_level_fallback,5
55.jpg,data\raw\ulcer\55.jpg,ulcer,55.jpg,1,42,stratified_image_level_fallback,5
56.jpg,data\raw\ulcer\56.jpg,ulcer,56.jpg,3,42,stratified_image_level_fallback,5
57.jpg,data\raw\ulcer\57.jpg,ulcer,57.jpg,4,42,stratified_image_level_fallback,5
58.jpg,data\raw\ulcer\58.jpg,ulcer,58.jpg,1,42,stratified_image_level_fallback,5
59.jpg,data\raw\ulcer\59.jpg,ulcer,59.jpg,2,42,stratified_image_level_fallback,5
6.jpg,data\raw\ulcer\6.jpg,ulcer,6.jpg,4,42,stratified_image_level_fallback,5
60.jpg,data\raw\ulcer\60.jpg,ulcer,60.jpg,4,42,stratified_image_level_fallback,5
61.jpg,data\raw\ulcer\61.jpg,ulcer,61.jpg,2,42,stratified_image_level_fallback,5
62.jpg,data\raw\ulcer\62.jpg,ulcer,62.jpg,2,42,stratified_image_level_fallback,5
63.jpg,data\raw\ulcer\63.jpg,ulcer,63.jpg,0,42,stratified_image_level_fallback,5
64.jpg,data\raw\ulcer\64.jpg,ulcer,64.jpg,3,42,stratified_image_level_fallback,5
65.jpg,data\raw\ulcer\65.jpg,ulcer,65.jpg,0,42,stratified_image_level_fallback,5
66.jpg,data\raw\ulcer\66.jpg,ulcer,66.jpg,4,42,stratified_image_level_fallback,5
67.jpg,data\raw\ulcer\67.jpg,ulcer,67.jpg,1,42,stratified_image_level_fallback,5
68.jpg,data\raw\ulcer\68.jpg,ulcer,68.jpg,4,42,stratified_image_level_fallback,5
69.jpg,data\raw\ulcer\69.jpg,ulcer,69.jpg,1,42,stratified_image_level_fallback,5
7.jpg,data\raw\ulcer\7.jpg,ulcer,7.jpg,4,42,stratified_image_level_fallback,5
70.jpg,data\raw\ulcer\70.jpg,ulcer,70.jpg,4,42,stratified_image_level_fallback,5
71.jpg,data\raw\ulcer\71.jpg,ulcer,71.jpg,1,42,stratified_image_level_fallback,5
72.jpg,data\raw\ulcer\72.jpg,ulcer,72.jpg,4,42,stratified_image_level_fallback,5
73.jpg,data\raw\ulcer\73.jpg,ulcer,73.jpg,4,42,stratified_image_level_fallback,5
74.jpg,data\raw\ulcer\74.jpg,ulcer,74.jpg,0,42,stratified_image_level_fallback,5
75.jpg,data\raw\ulcer\75.jpg,ulcer,75.jpg,4,42,stratified_image_level_fallback,5
76.jpg,data\raw\ulcer\76.jpg,ulcer,76.jpg,2,42,stratified_image_level_fallback,5
77.jpg,data\raw\ulcer\77.jpg,ulcer,77.jpg,0,42,stratified_image_level_fallback,5
78.jpg,data\raw\ulcer\78.jpg,ulcer,78.jpg,2,42,stratified_image_level_fallback,5
79.jpg,data\raw\ulcer\79.jpg,ulcer,79.jpg,4,42,stratified_image_level_fallback,5
8.jpg,data\raw\ulcer\8.jpg,ulcer,8.jpg,1,42,stratified_image_level_fallback,5
80.jpg,data\raw\ulcer\80.jpg,ulcer,80.jpg,2,42,stratified_image_level_fallback,5
81.jpg,data\raw\ulcer\81.jpg,ulcer,81.jpg,1,42,stratified_image_level_fallback,5
82.jpg,data\raw\ulcer\82.jpg,ulcer,82.jpg,3,42,stratified_image_level_fallback,5
83.jpg,data\raw\ulcer\83.jpg,ulcer,83.jpg,4,42,stratified_image_level_fallback,5
84.jpg,data\raw\ulcer\84.jpg,ulcer,84.jpg,3,42,stratified_image_level_fallback,5
85.jpg,data\raw\ulcer\85.jpg,ulcer,85.jpg,2,42,stratified_image_level_fallback,5
86.jpg,data\raw\ulcer\86.jpg,ulcer,86.jpg,1,42,stratified_image_level_fallback,5
87.jpg,data\raw\ulcer\87.jpg,ulcer,87.jpg,0,42,stratified_image_level_fallback,5
88.jpg,data\raw\ulcer\88.jpg,ulcer,88.jpg,3,42,stratified_image_level_fallback,5
89.jpg,data\raw\ulcer\89.jpg,ulcer,89.jpg,0,42,stratified_image_level_fallback,5
9.jpg,data\raw\ulcer\9.jpg,ulcer,9.jpg,4,42,stratified_image_level_fallback,5
90.jpg,data\raw\ulcer\90.jpg,ulcer,90.jpg,3,42,stratified_image_level_fallback,5
91.jpg,data\raw\ulcer\91.jpg,ulcer,91.jpg,1,42,stratified_image_level_fallback,5
92.jpg,data\raw\ulcer\92.jpg,ulcer,92.jpg,4,42,stratified_image_level_fallback,5
93.jpg,data\raw\ulcer\93.jpg,ulcer,93.jpg,1,42,stratified_image_level_fallback,5
94.jpg,data\raw\ulcer\94.jpg,ulcer,94.jpg,0,42,stratified_image_level_fallback,5
95.jpg,data\raw\ulcer\95.jpg,ulcer,95.jpg,0,42,stratified_image_level_fallback,5
96.jpg,data\raw\ulcer\96.jpg,ulcer,96.jpg,0,42,stratified_image_level_fallback,5
97.jpg,data\raw\ulcer\97.jpg,ulcer,97.jpg,2,42,stratified_image_level_fallback,5
98.jpg,data\raw\ulcer\98.jpg,ulcer,98.jpg,4,42,stratified_image_level_fallback,5
99.jpg,data\raw\ulcer\99.jpg,ulcer,99.jpg,0,42,stratified_image_level_fallback,5
