experiment_id,date,architecture,image_encoder,roi_method,location,morphology,quantum,loss,augmentation,optimizer,learning_rate,epochs,seed,cv_accuracy,cv_std,macro_f1,balanced_accuracy,test_accuracy,ece,notes
classical_baseline_groupsafe,2026-09-18,classical_finetune,resnet50_finetuned,none,no,no,no,weighted_ce,standard,adam,0.001/0.00001,40,42,0.7521,0.0271,0.7311,,0.7287,,"Full fine-tune, group-safe split, 891 images"
frozen_head_groupsafe,2026-09-18,frozen_matched_head,resnet50_frozen,none,no,no,no,weighted_ce,standard,adam,0.01,60,42,0.7949,0.0466,0.6924,,0.6899,,"81-param MLP head, matched to quantum param count"
quantum_hybrid_groupsafe,2026-09-18,quantum_hybrid,resnet50_frozen,none,no,no,yes,weighted_ce,standard,adam,0.01,60,42,0.7591,0.0209,0.6499,,0.6434,,"6 qubits depth 3, PennyLane-Lightning adjoint"
quantum_reupload_groupsafe,2026-09-18,quantum_hybrid_reupload,resnet50_frozen,none,no,no,yes,weighted_ce,standard,adam,0.01,60,42,0.6230,0.0531,,,0.5039,,"Data re-uploading ablation -- negative result"
fusion_static_730subset,2026-09-18,static_concat_fusion,resnet50_frozen,none,yes,no,no,weighted_ce,standard,adam,0.01,60,42,0.8301,0.0301,0.7616,,0.7909,,"730-image AZH-only subset (has location); best result before AURA-Wound"
ensemble_soft_voting,2026-09-18,soft_voting_ensemble,resnet50_frozen+quantum,none,no,no,yes,,,,,,42,,,0.7170,,0.7132,,"classical+frozen_head+quantum averaged probs; worse than classical alone"
tta_8view_classical,2026-09-18,tta_eval,resnet50_finetuned,none,no,no,no,,,,,,42,,,,,0.7364,,"8-view TTA on classical checkpoint, no retraining; +0.8pp vs 0.7287"
tensor_network_standalone_groupsafe,2026-09-21,tensor_network_hybrid,resnet50_frozen,none,no,no,no,weighted_ce,standard,adam,0.01,60,42,0.5401,0.0272,0.4947,,0.4961,,"Classical MPS (bond_dim=6) on same PCA-6 features as quantum branch; underperforms quantum_hybrid_groupsafe (0.6434) -- negative result, requested as a classical replacement for the quantum branch"
tensor_network_bond10_capacitytest,2026-09-21,tensor_network_hybrid,resnet50_frozen,none,no,no,no,weighted_ce,standard,adam,0.01,60,42,,,0.5009,,0.4961,,"Capacity sweep, main split only (no CV): bond_dim=10, no improvement over bond_dim=6"
tensor_network_bond16_capacitytest,2026-09-21,tensor_network_hybrid,resnet50_frozen,none,no,no,no,weighted_ce,standard,adam,0.01,60,42,,,0.5253,,0.5194,,"Capacity sweep, main split only (no CV): bond_dim=16, marginal +2.3pp, still far below quantum -- capacity is not the bottleneck"
aura_row7_adaptive_tensor_network_groupsafe,2026-09-21,aura_wound_adaptive,resnet50_frozen,label_free_crop,dropout_p0.3,yes,no,weighted_ce,standard,adam,0.01,60,42,0.7920,0.0467,0.7115,,0.7132,,"Full adaptive AURA-Wound (image+roi+location+morphology+tensor_network) replacing row6's quantum branch with classical MPS; gate learns to downweight tensor_network to 0.4% mean weight (vs quantum's 1.7% in row6) and full model recovers to near row5 baseline (0.7050 test, no extra branch) and clearly beats row6 (0.6120 test, quantum) -- see results/aura_wound_metrics_row7_adaptive_tn.json"
probe_resnet50_frozen_groupsafe,2026-10-04,frozen_linear_probe,resnet50_frozen_imagenet_v2,none,no,no,no,balanced_logreg,hflip_tta,lbfgs,,,42,0.7488,0.0172,0.7170,0.7128,0.7132,,"Reference point for the probe protocol: frozen ResNet-50, linear classifier, 891 images"
probe_dinov2_vits14_groupsafe,2026-10-04,frozen_linear_probe,dinov2_vits14_frozen,none,no,no,no,balanced_logreg,hflip_tta,lbfgs,,,42,0.8071,0.0191,0.7763,0.7748,0.7752,,"Frozen DINOv2 ViT-S/14 (CLS+mean patch), linear classifier, 891 images"
probe_dinov2_vitb14_groupsafe,2026-10-04,frozen_linear_probe,dinov2_vitb14_frozen,none,no,no,no,balanced_logreg,hflip_tta,lbfgs,,,42,0.8135,0.0367,0.8106,0.8128,0.8062,,"Frozen DINOv2 ViT-B/14, linear classifier, 891 images; best single-encoder test accuracy so far"
probe_convnext_base_groupsafe,2026-10-04,frozen_linear_probe,convnext_base_frozen,none,no,no,no,balanced_logreg,hflip_tta,lbfgs,,,42,0.7641,0.0270,0.7509,0.7523,0.7519,,"Frozen ConvNeXt-Base (ImageNet-1k), linear classifier, 891 images"
probe_vit_b16_swag_groupsafe,2026-10-04,frozen_linear_probe,vit_b16_swag_frozen,none,no,no,no,balanced_logreg,hflip_tta,lbfgs,,,42,0.7657,0.0521,0.7704,0.7705,0.7752,,"Frozen ViT-B/16 SWAG, linear classifier, 891 images"
probe_concat5_groupsafe,2026-10-04,frozen_linear_probe,resnet50+dinov2_s+dinov2_b+convnext_b+vit_b16_swag,none,no,no,no,balanced_logreg,hflip_tta,lbfgs,,,42,0.8238,0.0216,0.8031,0.7991,0.7984,,"Concatenated frozen features of all five encoders; best CV so far on 891 images, test slightly below DINOv2 ViT-B alone"
probe_dinov2_vitb14_azh730_image,2026-10-04,frozen_linear_probe,dinov2_vitb14_frozen,none,no,no,no,balanced_logreg,hflip_tta,lbfgs,,,42,0.8242,0.0486,0.7883,0.7838,0.8000,,730-image AZH subset only (not comparable with 891-image rows)
probe_dinov2_vitb14_azh730_location,2026-10-04,frozen_linear_probe,dinov2_vitb14_frozen,none,yes,no,no,balanced_logreg,hflip_tta,lbfgs,,,42,0.8253,0.0287,0.7657,0.7638,0.7818,,"730-image AZH subset, one-hot wound location appended; location adds almost nothing on top of DINOv2 features"
